contract_code,option_side,strike_price,bid,ask,delta,underlying_spot
US.AOS260821C40000,CALL,40.0,19.5,24.5,0.0,62.04
US.AOS260821C45000,CALL,45.0,14.5,19.3,0.0,62.04
US.AOS260821C50000,CALL,50.0,9.5,14.3,0.0,62.04
US.AOS260821C55000,CALL,55.0,5.0,8.7,0.0,62.04
US.AOS260821C60000,CALL,60.0,2.1,4.7,0.67444211,62.04
US.AOS260821C65000,CALL,65.0,0.95,2.0,0.355432668,62.04
US.AOS260821C70000,CALL,70.0,0.0,0.9,0.111210434,62.04
US.AOS260821C75000,CALL,75.0,0.0,2.2,0.058036536,62.04
US.AOS260821C80000,CALL,80.0,0.0,0.25,0.013645465,62.04
US.AOS260821C85000,CALL,85.0,0.0,0.1,0.002462545,62.04
US.AOS260821P40000,PUT,40.0,0.0,0.05,-5.1648e-05,62.04
US.AOS260821P45000,PUT,45.0,0.0,0.05,-0.009592786,62.04
US.AOS260821P50000,PUT,50.0,0.05,0.55,-0.067334839,62.04
US.AOS260821P55000,PUT,55.0,0.2,0.5,-0.108190995,62.04
US.AOS260821P60000,PUT,60.0,1.4,2.55,-0.361225582,62.04
US.AOS260821P65000,PUT,65.0,2.55,5.9,-0.652190391,62.04
US.AOS260821P70000,PUT,70.0,6.8,10.5,-0.805853465,62.04
US.AOS260821P75000,PUT,75.0,11.6,15.6,-0.849100826,62.04
US.AOS260821P80000,PUT,80.0,16.0,20.9,-0.886972401,62.04
US.AOS260821P85000,PUT,85.0,21.0,25.9,-0.899030374,62.04
US.AOS260918C40000,CALL,40.0,19.5,24.5,0.0,62.04
US.AOS260918C45000,CALL,45.0,14.5,19.5,0.0,62.04
US.AOS260918C50000,CALL,50.0,10.0,14.1,0.0,62.04
US.AOS260918C55000,CALL,55.0,5.7,9.6,0.899363331,62.04
US.AOS260918C60000,CALL,60.0,2.75,5.8,0.648048974,62.04
US.AOS260918C65000,CALL,65.0,0.45,3.7,0.397221126,62.04
US.AOS260918C70000,CALL,70.0,0.0,2.0,0.196031114,62.04
US.AOS260918C75000,CALL,75.0,0.0,0.5,0.114235143,62.04
US.AOS260918C80000,CALL,80.0,0.0,4.8,0.046002747,62.04
US.AOS260918C85000,CALL,85.0,0.0,0.65,0.016130098,62.04
US.AOS260918P40000,PUT,40.0,0.0,2.15,-0.004573446,62.04
US.AOS260918P45000,PUT,45.0,0.0,2.25,-0.021586505,62.04
US.AOS260918P50000,PUT,50.0,0.0,2.5,-0.072288972,62.04
US.AOS260918P55000,PUT,55.0,0.6,1.0,-0.164752895,62.04
US.AOS260918P60000,PUT,60.0,0.2,3.9,-0.358066993,62.04
US.AOS260918P65000,PUT,65.0,3.0,6.5,-0.606697845,62.04
US.AOS260918P70000,PUT,70.0,7.2,10.5,-0.769484547,62.04
US.AOS260918P75000,PUT,75.0,11.8,15.7,-0.820459672,62.04
US.AOS260918P80000,PUT,80.0,16.1,21.0,-0.863955556,62.04
US.AOS260918P85000,PUT,85.0,21.0,25.9,-0.888471579,62.04
US.AOS261016C40000,CALL,40.0,19.6,24.5,0.0,62.04
US.AOS261016C45000,CALL,45.0,14.7,19.5,0.0,62.04
US.AOS261016C50000,CALL,50.0,10.0,14.8,0.0,62.04
US.AOS261016C55000,CALL,55.0,6.5,10.4,0.823630138,62.04
US.AOS261016C60000,CALL,60.0,4.5,6.5,0.629572296,62.04
US.AOS261016C65000,CALL,65.0,0.85,4.9,0.43464334,62.04
US.AOS261016C70000,CALL,70.0,0.0,3.3,0.285158608,62.04
US.AOS261016C75000,CALL,75.0,0.15,2.7,0.216350709,62.04
US.AOS261016C80000,CALL,80.0,0.0,0.55,0.083964342,62.04
US.AOS261016C85000,CALL,85.0,0.0,4.8,0.042748709,62.04
US.AOS261016P40000,PUT,40.0,0.0,2.3,-0.030479053,62.04
US.AOS261016P45000,PUT,45.0,0.0,2.45,-0.056833755,62.04
US.AOS261016P50000,PUT,50.0,0.2,1.95,-0.136039944,62.04
US.AOS261016P55000,PUT,55.0,0.4,1.9,-0.191889818,62.04
US.AOS261016P60000,PUT,60.0,2.55,3.3,-0.372500697,62.04
US.AOS261016P65000,PUT,65.0,3.5,7.7,-0.563758751,62.04
US.AOS261016P70000,PUT,70.0,7.4,11.5,-0.709268898,62.04
US.AOS261016P75000,PUT,75.0,11.8,15.8,-0.80641051,62.04
US.AOS261016P80000,PUT,80.0,16.7,20.6,-0.844870029,62.04
US.AOS261016P85000,PUT,85.0,21.0,25.9,-0.880794193,62.04
US.AOS261120C40000,CALL,40.0,19.7,24.5,0.0,62.04
US.AOS261120C45000,CALL,45.0,15.0,19.8,0.0,62.04
US.AOS261120C50000,CALL,50.0,11.6,15.1,0.891125086,62.04
US.AOS261120C55000,CALL,55.0,7.7,11.0,0.782073323,62.04
US.AOS261120C60000,CALL,60.0,4.5,7.5,0.632055657,62.04
US.AOS261120C65000,CALL,65.0,1.5,6.0,0.46489284,62.04
US.AOS261120C70000,CALL,70.0,0.0,2.7,0.354048882,62.04
US.AOS261120C75000,CALL,75.0,0.0,4.8,0.223977964,62.04
US.AOS261120C80000,CALL,80.0,0.0,4.8,0.12618261,62.04
US.AOS261120C85000,CALL,85.0,0.0,4.8,0.0702616,62.04
US.AOS261120P40000,PUT,40.0,0.05,0.45,-0.034458927,62.04
US.AOS261120P45000,PUT,45.0,0.0,2.65,-0.070448244,62.04
US.AOS261120P50000,PUT,50.0,0.3,2.85,-0.160989544,62.04
US.AOS261120P55000,PUT,55.0,0.45,4.2,-0.245914873,62.04
US.AOS261120P60000,PUT,60.0,1.75,5.6,-0.376654287,62.04
US.AOS261120P65000,PUT,65.0,4.3,9.0,-0.528334556,62.04
US.AOS261120P70000,PUT,70.0,7.6,12.4,-0.667325485,62.04
US.AOS261120P75000,PUT,75.0,11.7,16.5,-0.770739393,62.04
US.AOS261120P80000,PUT,80.0,16.2,21.0,-0.841931866,62.04
US.AOS261120P85000,PUT,85.0,21.0,25.9,-0.873371516,62.04
US.CPB260731C14000,CALL,14.0,7.3,10.1,0.0,22.96
US.CPB260731C15000,CALL,15.0,6.1,9.0,0.0,22.96
US.CPB260731C16000,CALL,16.0,5.6,7.6,0.0,22.96
US.CPB260731C16500,CALL,16.5,5.1,7.5,0.0,22.96
US.CPB260731C17000,CALL,17.0,5.6,6.2,0.0,22.96
US.CPB260731C17500,CALL,17.5,5.1,5.5,0.0,22.96
US.CPB260731C18000,CALL,18.0,2.75,6.9,0.0,22.96
US.CPB260731C18500,CALL,18.5,2.3,6.4,0.0,22.96
US.CPB260731C19000,CALL,19.0,2.05,5.9,0.984772375,22.96
US.CPB260731C19500,CALL,19.5,1.55,5.4,0.982988156,22.96
US.CPB260731C20000,CALL,20.0,1.05,4.9,0.980711357,22.96
US.CPB260731C20500,CALL,20.5,0.55,4.5,0.927586671,22.96
US.CPB260731C21000,CALL,21.0,1.05,2.05,0.0,22.96
US.CPB260731C21500,CALL,21.5,1.35,3.0,0.697726674,22.96
US.CPB260731C22000,CALL,22.0,0.55,1.05,0.0,22.96
US.CPB260731C22500,CALL,22.5,0.35,0.65,0.850057438,22.96
US.CPB260731C23000,CALL,23.0,0.15,0.2,0.474670641,22.96
US.CPB260731C23500,CALL,23.5,0.0,0.1,0.171352021,22.96
US.CPB260731C24000,CALL,24.0,0.0,0.15,0.120968313,22.96
US.CPB260731C24500,CALL,24.5,0.0,0.05,0.103603409,22.96
US.CPB260731C25000,CALL,25.0,0.0,0.05,0.071557854,22.96
US.CPB260731C25500,CALL,25.5,0.0,0.05,0.050606293,22.96
US.CPB260731C26000,CALL,26.0,0.0,2.15,0.036453469,22.96
US.CPB260731C26500,CALL,26.5,0.0,1.15,0.026599491,22.96
US.CPB260731C27000,CALL,27.0,0.0,0.5,0.019621585,22.96
US.CPB260731C27500,CALL,27.5,0.0,1.15,0.014639014,22.96
US.CPB260731C28000,CALL,28.0,0.0,2.15,0.011052599,22.96
US.CPB260731C29000,CALL,29.0,0.0,1.55,0.006326482,22.96
US.CPB260731C30000,CALL,30.0,0.0,1.15,0.003835091,22.96
US.CPB260731P14000,PUT,14.0,0.0,0.05,-0.000125947,22.96
US.CPB260731P15000,PUT,15.0,0.0,0.05,-0.000144706,22.96
US.CPB260731P16000,PUT,16.0,0.0,0.1,-0.000168254,22.96
US.CPB260731P16500,PUT,16.5,0.0,0.1,-0.000182482,22.96
US.CPB260731P17000,PUT,17.0,0.0,0.1,-0.000198869,22.96
US.CPB260731P17500,PUT,17.5,0.0,0.1,-0.000217972,22.96
US.CPB260731P18000,PUT,18.0,0.0,0.1,-0.000240566,22.96
US.CPB260731P18500,PUT,18.5,0.0,0.2,-0.000267758,22.96
US.CPB260731P19000,PUT,19.0,0.0,0.2,-0.000301188,22.96
US.CPB260731P19500,PUT,19.5,0.0,0.1,-0.000343385,22.96
US.CPB260731P20000,PUT,20.0,0.0,0.05,-0.055493909,22.96
US.CPB260731P20500,PUT,20.5,0.0,0.05,-0.001878436,22.96
US.CPB260731P21000,PUT,21.0,0.0,0.4,-0.074764977,22.96
US.CPB260731P21500,PUT,21.5,0.0,0.1,-0.050594145,22.96
US.CPB260731P22000,PUT,22.0,0.0,0.1,-0.118533043,22.96
US.CPB260731P22500,PUT,22.5,0.05,0.3,-0.29689329,22.96
US.CPB260731P23000,PUT,23.0,0.15,0.65,-0.506687147,22.96
US.CPB260731P23500,PUT,23.5,0.0,1.4,-0.658067206,22.96
US.CPB260731P24000,PUT,24.0,0.0,3.3,-0.730654671,22.96
US.CPB260731P24500,PUT,24.5,0.25,3.8,-0.693079702,22.96
US.CPB260731P25000,PUT,25.0,1.0,4.3,-0.693082259,22.96
US.CPB260731P25500,PUT,25.5,1.1,4.7,-0.773373373,22.96
US.CPB260731P26000,PUT,26.0,1.1,5.2,-0.889982691,22.96
US.CPB260731P26500,PUT,26.5,1.8,5.7,-0.851888304,22.96
US.CPB260731P27000,PUT,27.0,2.6,6.2,-0.812648298,22.96
US.CPB260731P27500,PUT,27.5,3.0,6.7,-0.835751143,22.96
US.CPB260731P28000,PUT,28.0,3.6,7.2,-0.829467491,22.96
US.CPB260731P29000,PUT,29.0,4.8,7.5,-0.923832672,22.96
US.CPB260731P30000,PUT,30.0,5.6,9.2,-0.852289898,22.96
US.CPB260807C14000,CALL,14.0,8.4,9.1,0.0,22.96
US.CPB260807C15000,CALL,15.0,5.8,9.9,0.0,22.96
US.CPB260807C16000,CALL,16.0,4.8,8.9,0.0,22.96
US.CPB260807C17000,CALL,17.0,3.8,7.9,0.0,22.96
US.CPB260807C17500,CALL,17.5,3.2,7.4,0.0,22.96
US.CPB260807C18000,CALL,18.0,2.75,6.9,0.0,22.96
US.CPB260807C18500,CALL,18.5,2.3,6.4,0.0,22.96
US.CPB260807C19000,CALL,19.0,1.8,5.9,0.0,22.96
US.CPB260807C19500,CALL,19.5,1.35,5.4,0.0,22.96
US.CPB260807C20000,CALL,20.0,0.8,4.9,0.0,22.96
US.CPB260807C20500,CALL,20.5,0.35,4.5,0.0,22.96
US.CPB260807C21000,CALL,21.0,0.9,2.65,0.0,22.96
US.CPB260807C21500,CALL,21.5,1.05,3.4,0.695255802,22.96
US.CPB260807C22000,CALL,22.0,0.9,2.05,0.685819849,22.96
US.CPB260807C22500,CALL,22.5,0.6,0.8,0.685729036,22.96
US.CPB260807C23000,CALL,23.0,0.35,0.55,0.503499739,22.96
US.CPB260807C23500,CALL,23.5,0.25,0.35,0.355401795,22.96
US.CPB260807C24000,CALL,24.0,0.1,0.2,0.217858303,22.96
US.CPB260807C24500,CALL,24.5,0.05,0.15,0.146581835,22.96
US.CPB260807C25000,CALL,25.0,0.0,2.2,0.109275602,22.96
US.CPB260807C25500,CALL,25.5,0.0,0.95,0.06534253,22.96
US.CPB260807C26000,CALL,26.0,0.0,1.05,0.037081619,22.96
US.CPB260807C26500,CALL,26.5,0.0,0.05,0.020072214,22.96
US.CPB260807C27000,CALL,27.0,0.0,2.15,0.010303147,22.96
US.CPB260807C28000,CALL,28.0,0.0,2.15,0.002384673,22.96
US.CPB260807C29000,CALL,29.0,0.0,2.15,0.000482734,22.96
US.CPB260807C30000,CALL,30.0,0.0,2.15,0.00023395,22.96
US.CPB260807P14000,PUT,14.0,0.0,0.15,-0.000124222,22.96
US.CPB260807P15000,PUT,15.0,0.0,0.25,-0.000142527,22.96
US.CPB260807P16000,PUT,16.0,0.0,0.25,-0.000165434,22.96
US.CPB260807P17000,PUT,17.0,0.0,2.15,-0.00079829,22.96
US.CPB260807P17500,PUT,17.5,0.0,0.15,-0.001705507,22.96
US.CPB260807P18000,PUT,18.0,0.0,0.05,-0.003209847,22.96
US.CPB260807P18500,PUT,18.5,0.0,2.15,-0.005993153,22.96
US.CPB260807P19000,PUT,19.0,0.0,2.15,-0.044080046,22.96
US.CPB260807P19500,PUT,19.5,0.0,2.15,-0.01952047,22.96
US.CPB260807P20000,PUT,20.0,0.0,0.05,-0.034072907,22.96
US.CPB260807P20500,PUT,20.5,0.0,0.05,-0.058093449,22.96
US.CPB260807P21000,PUT,21.0,0.05,0.1,-0.09545691,22.96
US.CPB260807P21500,PUT,21.5,0.05,0.15,-0.135005866,22.96
US.CPB260807P22000,PUT,22.0,0.05,0.25,-0.2058353,22.96
US.CPB260807P22500,PUT,22.5,0.1,0.35,-0.316990762,22.96
US.CPB260807P23000,PUT,23.0,0.15,0.6,-0.501538183,22.96
US.CPB260807P23500,PUT,23.5,0.05,2.1,-0.587616148,22.96
US.CPB260807P24000,PUT,24.0,0.15,2.05,-0.847611507,22.96
US.CPB260807P24500,PUT,24.5,0.55,3.6,-0.677750701,22.96
US.CPB260807P25000,PUT,25.0,0.75,4.4,-0.704408929,22.96
US.CPB260807P25500,PUT,25.5,1.25,4.8,-0.736137087,22.96
US.CPB260807P26000,PUT,26.0,1.4,5.2,-0.815871932,22.96
US.CPB260807P26500,PUT,26.5,2.1,5.7,-0.797305171,22.96
US.CPB260807P27000,PUT,27.0,2.1,6.2,-0.898617525,22.96
US.CPB260807P28000,PUT,28.0,3.3,7.2,-0.869592948,22.96
US.CPB260807P29000,PUT,29.0,4.1,8.2,-0.917798528,22.96
US.CPB260807P30000,PUT,30.0,5.3,9.2,-0.88858043,22.96
US.CPB260814C14000,CALL,14.0,6.8,10.9,0.0,22.96
US.CPB260814C15000,CALL,15.0,5.8,9.3,0.0,22.96
US.CPB260814C16000,CALL,16.0,4.8,8.5,0.0,22.96
US.CPB260814C17000,CALL,17.0,3.8,7.9,0.0,22.96
US.CPB260814C17500,CALL,17.5,3.3,7.4,0.0,22.96
US.CPB260814C18000,CALL,18.0,2.75,6.9,0.0,22.96
US.CPB260814C18500,CALL,18.5,2.3,6.4,0.0,22.96
US.CPB260814C19000,CALL,19.0,1.85,6.0,0.0,22.96
US.CPB260814C19500,CALL,19.5,1.35,5.5,0.0,22.96
US.CPB260814C20000,CALL,20.0,0.9,4.9,0.0,22.96
US.CPB260814C20500,CALL,20.5,0.95,4.6,0.83154347,22.96
US.CPB260814C21000,CALL,21.0,1.0,4.0,0.759115864,22.96
US.CPB260814C21500,CALL,21.5,1.3,1.9,0.862773439,22.96
US.CPB260814C22000,CALL,22.0,0.8,1.95,0.710452382,22.96
US.CPB260814C22500,CALL,22.5,0.75,1.1,0.634077171,22.96
US.CPB260814C23000,CALL,23.0,0.55,0.65,0.512597306,22.96
US.CPB260814C23500,CALL,23.5,0.3,0.5,0.386021788,22.96
US.CPB260814C24000,CALL,24.0,0.0,0.5,0.26440569,22.96
US.CPB260814C24500,CALL,24.5,0.1,0.25,0.19799232,22.96
US.CPB260814C25000,CALL,25.0,0.05,0.2,0.144381478,22.96
US.CPB260814C25500,CALL,25.5,0.0,0.15,0.08620442,22.96
US.CPB260814C26000,CALL,26.0,0.0,0.3,0.054336404,22.96
US.CPB260814C26500,CALL,26.5,0.0,2.2,0.03313636,22.96
US.CPB260814C27000,CALL,27.0,0.0,2.15,0.019509172,22.96
US.CPB260814C27500,CALL,27.5,0.0,0.3,0.011159487,22.96
US.CPB260814C28000,CALL,28.0,0.0,2.15,0.006230316,22.96
US.CPB260814C28500,CALL,28.5,0.0,2.15,0.00336743,22.96
US.CPB260814C29000,CALL,29.0,0.0,2.15,0.001765893,22.96
US.CPB260814C30000,CALL,30.0,0.0,2.15,0.000431149,22.96
US.CPB260814P14000,PUT,14.0,0.0,0.25,-0.001922918,22.96
US.CPB260814P15000,PUT,15.0,0.0,0.25,-0.00407722,22.96
US.CPB260814P16000,PUT,16.0,0.0,0.85,-0.008281874,22.96
US.CPB260814P17000,PUT,17.0,0.0,0.4,-0.039141996,22.96
US.CPB260814P17500,PUT,17.5,0.0,0.55,-0.022338618,22.96
US.CPB260814P18000,PUT,18.0,0.0,1.55,-0.030641246,22.96
US.CPB260814P18500,PUT,18.5,0.0,2.15,-0.041722542,22.96
US.CPB260814P19000,PUT,19.0,0.0,2.15,-0.056422634,22.96
US.CPB260814P19500,PUT,19.5,0.0,0.15,-0.075864173,22.96
US.CPB260814P20000,PUT,20.0,0.0,0.3,-0.101420025,22.96
US.CPB260814P20500,PUT,20.5,0.05,0.25,-0.122276285,22.96
US.CPB260814P21000,PUT,21.0,0.0,0.2,-0.140368371,22.96
US.CPB260814P21500,PUT,21.5,0.15,0.3,-0.200177432,22.96
US.CPB260814P22000,PUT,22.0,0.0,0.4,-0.230929674,22.96
US.CPB260814P22500,PUT,22.5,0.25,0.8,-0.380173777,22.96
US.CPB260814P23000,PUT,23.0,0.25,1.25,-0.485196163,22.96
US.CPB260814P23500,PUT,23.5,0.45,1.7,-0.58363369,22.96
US.CPB260814P24000,PUT,24.0,1.05,1.8,-0.671177025,22.96
US.CPB260814P24500,PUT,24.5,0.65,3.5,-0.674020111,22.96
US.CPB260814P25000,PUT,25.0,0.8,4.4,-0.695674455,22.96
US.CPB260814P25500,PUT,25.5,1.3,4.7,-0.73818797,22.96
US.CPB260814P26000,PUT,26.0,1.7,5.3,-0.754714879,22.96
US.CPB260814P26500,PUT,26.5,1.65,5.7,-0.873017057,22.96
US.CPB260814P27000,PUT,27.0,2.65,6.2,-0.797611644,22.96
US.CPB260814P27500,PUT,27.5,2.9,6.7,-0.841777173,22.96
US.CPB260814P28000,PUT,28.0,3.5,7.2,-0.834487778,22.96
US.CPB260814P28500,PUT,28.5,3.8,7.7,-0.870933128,22.96
US.CPB260814P29000,PUT,29.0,4.3,8.2,-0.876008862,22.96
US.CPB260814P30000,PUT,30.0,5.2,9.2,-0.90077801,22.96
US.CPB260821C14000,CALL,14.0,6.8,10.9,0.0,22.96
US.CPB260821C15000,CALL,15.0,5.8,9.9,0.0,22.96
US.CPB260821C16000,CALL,16.0,5.4,8.3,0.0,22.96
US.CPB260821C17000,CALL,17.0,4.0,7.7,0.0,22.96
US.CPB260821C17500,CALL,17.5,3.3,7.4,0.0,22.96
US.CPB260821C18000,CALL,18.0,3.2,6.9,0.965183729,22.96
US.CPB260821C18500,CALL,18.5,2.5,6.5,0.0,22.96
US.CPB260821C19000,CALL,19.0,2.5,5.8,0.913545642,22.96
US.CPB260821C19500,CALL,19.5,2.0,4.8,0.0,22.96
US.CPB260821C20000,CALL,20.0,1.55,4.4,0.0,22.96
US.CPB260821C20500,CALL,20.5,1.1,4.6,0.816565299,22.96
US.CPB260821C21000,CALL,21.0,1.05,2.45,0.0,22.96
US.CPB260821C21500,CALL,21.5,1.55,2.85,0.703539686,22.96
US.CPB260821C22000,CALL,22.0,1.25,1.6,0.704577642,22.96
US.CPB260821C22500,CALL,22.5,0.65,1.1,0.64955242,22.96
US.CPB260821C23000,CALL,23.0,0.7,0.85,0.519836519,22.96
US.CPB260821C23500,CALL,23.5,0.4,0.6,0.408747077,22.96
US.CPB260821C24000,CALL,24.0,0.35,0.45,0.326635324,22.96
US.CPB260821C24500,CALL,24.5,0.2,0.3,0.235639995,22.96
US.CPB260821C25000,CALL,25.0,0.1,0.2,0.160481844,22.96
US.CPB260821C25500,CALL,25.5,0.05,0.15,0.113183075,22.96
US.CPB260821C26000,CALL,26.0,0.05,0.1,0.085373275,22.96
US.CPB260821C26500,CALL,26.5,0.0,0.1,0.078147835,22.96
US.CPB260821C27000,CALL,27.0,0.0,0.25,0.054219263,22.96
US.CPB260821C28000,CALL,28.0,0.0,0.25,0.024558397,22.96
US.CPB260821C29000,CALL,29.0,0.0,0.1,0.010271988,22.96
US.CPB260821C30000,CALL,30.0,0.0,0.1,0.003983009,22.96
US.CPB260821C31000,CALL,31.0,0.0,0.75,0.001438609,22.96
US.CPB260821C32000,CALL,32.0,0.0,0.1,0.000512376,22.96
US.CPB260821P14000,PUT,14.0,0.0,0.25,-0.000119228,22.96
US.CPB260821P15000,PUT,15.0,0.0,0.25,-0.000136239,22.96
US.CPB260821P16000,PUT,16.0,0.0,2.15,-0.00015737,22.96
US.CPB260821P17000,PUT,17.0,0.0,0.15,-0.000916599,22.96
US.CPB260821P17500,PUT,17.5,0.0,1.1,-0.002306082,22.96
US.CPB260821P18000,PUT,18.0,0.0,0.75,-0.005699287,22.96
US.CPB260821P18500,PUT,18.5,0.0,0.15,-0.012323907,22.96
US.CPB260821P19000,PUT,19.0,0.0,0.15,-0.024285027,22.96
US.CPB260821P19500,PUT,19.5,0.0,0.1,-0.055029913,22.96
US.CPB260821P20000,PUT,20.0,0.05,0.1,-0.071348778,22.96
US.CPB260821P20500,PUT,20.5,0.1,0.2,-0.121832283,22.96
US.CPB260821P21000,PUT,21.0,0.15,0.25,-0.16181712,22.96
US.CPB260821P21500,PUT,21.5,0.15,0.35,-0.208550114,22.96
US.CPB260821P22000,PUT,22.0,0.35,0.45,-0.293282636,22.96
US.CPB260821P22500,PUT,22.5,0.1,0.65,-0.354560743,22.96
US.CPB260821P23000,PUT,23.0,0.75,0.85,-0.481154807,22.96
US.CPB260821P23500,PUT,23.5,0.3,1.15,-0.670879418,22.96
US.CPB260821P24000,PUT,24.0,1.05,1.65,-0.688406521,22.96
US.CPB260821P24500,PUT,24.5,0.7,4.0,-0.625920711,22.96
US.CPB260821P25000,PUT,25.0,1.15,3.1,-0.860347638,22.96
US.CPB260821P25500,PUT,25.5,1.6,4.8,-0.694660008,22.96
US.CPB260821P26000,PUT,26.0,2.05,5.4,-0.707087722,22.96
US.CPB260821P26500,PUT,26.5,2.15,5.1,-0.895333929,22.96
US.CPB260821P27000,PUT,27.0,2.8,5.6,-0.865789387,22.96
US.CPB260821P28000,PUT,28.0,4.0,7.2,-0.774330856,22.96
US.CPB260821P29000,PUT,29.0,4.6,8.2,-0.830942226,22.96
US.CPB260821P30000,PUT,30.0,6.0,9.2,-0.80045859,22.96
US.CPB260821P31000,PUT,31.0,6.1,10.0,-0.977558991,22.96
US.CPB260821P32000,PUT,32.0,7.7,11.0,-0.867946913,22.96
US.CPB260828C14000,CALL,14.0,7.0,10.9,0.0,22.96
US.CPB260828C15000,CALL,15.0,6.0,9.9,0.0,22.96
US.CPB260828C16000,CALL,16.0,5.0,8.9,0.0,22.96
US.CPB260828C17000,CALL,17.0,4.0,8.0,0.0,22.96
US.CPB260828C17500,CALL,17.5,3.5,7.5,0.0,22.96
US.CPB260828C18000,CALL,18.0,2.85,7.0,0.0,22.96
US.CPB260828C18500,CALL,18.5,2.6,6.5,0.970889244,22.96
US.CPB260828C19000,CALL,19.0,1.9,6.0,0.0,22.96
US.CPB260828C19500,CALL,19.5,1.4,5.6,0.0,22.96
US.CPB260828C20000,CALL,20.0,1.45,4.7,0.943578353,22.96
US.CPB260828C20500,CALL,20.5,1.0,4.2,0.918541311,22.96
US.CPB260828C21000,CALL,21.0,0.75,2.65,0.0,22.96
US.CPB260828C21500,CALL,21.5,1.25,2.2,0.813273289,22.96
US.CPB260828C22000,CALL,22.0,1.05,1.7,0.721802259,22.96
US.CPB260828C22500,CALL,22.5,0.95,1.3,0.617881733,22.96
US.CPB260828C23000,CALL,23.0,0.75,0.95,0.524259362,22.96
US.CPB260828C23500,CALL,23.5,0.55,0.7,0.429828114,22.96
US.CPB260828C24000,CALL,24.0,0.35,0.55,0.341131567,22.96
US.CPB260828C24500,CALL,24.5,0.2,0.45,0.26533737,22.96
US.CPB260828C25000,CALL,25.0,0.15,0.35,0.20988959,22.96
US.CPB260828C25500,CALL,25.5,0.0,0.45,0.159703707,22.96
US.CPB260828C26000,CALL,26.0,0.05,0.45,0.175256245,22.96
US.CPB260828C26500,CALL,26.5,0.0,0.7,0.091085121,22.96
US.CPB260828C27000,CALL,27.0,0.0,2.2,0.06571791,22.96
US.CPB260828C27500,CALL,27.5,0.0,2.2,0.046639874,22.96
US.CPB260828C28000,CALL,28.0,0.0,0.4,0.032556464,22.96
US.CPB260828C29000,CALL,29.0,0.0,2.0,0.015142785,22.96
US.CPB260828C30000,CALL,30.0,0.0,0.4,0.006619335,22.96
US.CPB260828P14000,PUT,14.0,0.0,2.15,-0.018061215,22.96
US.CPB260828P15000,PUT,15.0,0.0,2.15,-0.025695645,22.96
US.CPB260828P16000,PUT,16.0,0.0,2.15,-0.035947111,22.96
US.CPB260828P17000,PUT,17.0,0.0,2.15,-0.049542009,22.96
US.CPB260828P17500,PUT,17.5,0.0,2.15,-0.057955208,22.96
US.CPB260828P18000,PUT,18.0,0.0,2.15,-0.067592153,22.96
US.CPB260828P18500,PUT,18.5,0.0,2.2,-0.078628293,22.96
US.CPB260828P19000,PUT,19.0,0.0,0.3,-0.091352311,22.96
US.CPB260828P19500,PUT,19.5,0.0,0.3,-0.105971182,22.96
US.CPB260828P20000,PUT,20.0,0.0,0.45,-0.127179631,22.96
US.CPB260828P20500,PUT,20.5,0.0,0.45,-0.125751062,22.96
US.CPB260828P21000,PUT,21.0,0.2,0.35,-0.187276019,22.96
US.CPB260828P21500,PUT,21.5,0.3,0.5,-0.249718435,22.96
US.CPB260828P22000,PUT,22.0,0.25,0.7,-0.306674094,22.96
US.CPB260828P22500,PUT,22.5,0.65,1.35,-0.406745984,22.96
US.CPB260828P23000,PUT,23.0,0.35,1.55,-0.475674674,22.96
US.CPB260828P23500,PUT,23.5,1.0,1.4,-0.56080787,22.96
US.CPB260828P24000,PUT,24.0,1.2,2.25,-0.606863413,22.96
US.CPB260828P24500,PUT,24.5,1.15,2.5,-0.731566326,22.96
US.CPB260828P25000,PUT,25.0,0.8,4.0,-0.735851287,22.96
US.CPB260828P25500,PUT,25.5,1.45,4.9,-0.696281073,22.96
US.CPB260828P26000,PUT,26.0,1.2,5.3,-0.821091898,22.96
US.CPB260828P26500,PUT,26.5,2.2,5.6,-0.786209264,22.96
US.CPB260828P27000,PUT,27.0,2.6,5.9,-0.842680575,22.96
US.CPB260828P27500,PUT,27.5,3.1,6.8,-0.794452305,22.96
US.CPB260828P28000,PUT,28.0,3.6,6.9,-0.857767806,22.96
US.CPB260828P29000,PUT,29.0,4.2,8.2,-0.886019604,22.96
US.CPB260828P30000,PUT,30.0,5.1,9.2,-0.912738588,22.96
US.CPB260904C14000,CALL,14.0,6.8,10.9,0.0,22.96
US.CPB260904C15000,CALL,15.0,5.8,9.9,0.0,22.96
US.CPB260904C16000,CALL,16.0,5.0,8.9,0.0,22.96
US.CPB260904C17000,CALL,17.0,4.0,8.0,0.0,22.96
US.CPB260904C17500,CALL,17.5,3.5,7.5,0.0,22.96
US.CPB260904C18000,CALL,18.0,3.0,7.0,0.0,22.96
US.CPB260904C18500,CALL,18.5,2.4,6.5,0.0,22.96
US.CPB260904C19000,CALL,19.0,1.95,6.1,0.0,22.96
US.CPB260904C19500,CALL,19.5,1.9,5.4,0.917522658,22.96
US.CPB260904C20000,CALL,20.0,1.4,4.9,0.909002865,22.96
US.CPB260904C20500,CALL,20.5,1.05,4.5,0.846841377,22.96
US.CPB260904C21000,CALL,21.0,1.75,2.7,0.846271488,22.96
US.CPB260904C21500,CALL,21.5,1.4,2.3,0.775501656,22.96
US.CPB260904C22000,CALL,22.0,1.35,1.8,0.686596213,22.96
US.CPB260904C22500,CALL,22.5,1.05,1.4,0.612828726,22.96
US.CPB260904C23000,CALL,23.0,0.8,1.25,0.529556319,22.96
US.CPB260904C23500,CALL,23.5,0.15,1.05,0.428922525,22.96
US.CPB260904C24000,CALL,24.0,0.0,1.85,0.374808155,22.96
US.CPB260904C24500,CALL,24.5,0.1,1.75,0.385109119,22.96
US.CPB260904C25000,CALL,25.0,0.25,0.6,0.268398856,22.96
US.CPB260904C25500,CALL,25.5,0.15,0.45,0.209372397,22.96
US.CPB260904C26000,CALL,26.0,0.1,1.25,0.284117815,22.96
US.CPB260904C26500,CALL,26.5,0.05,2.3,0.340457203,22.96
US.CPB260904C27000,CALL,27.0,0.0,2.25,0.109139331,22.96
US.CPB260904C27500,CALL,27.5,0.0,2.25,0.08444948,22.96
US.CPB260904C28000,CALL,28.0,0.0,2.25,0.064620075,22.96
US.CPB260904C29000,CALL,29.0,0.0,2.2,0.036527026,22.96
US.CPB260904C30000,CALL,30.0,0.0,2.2,0.019803723,22.96
US.CPB260904P14000,PUT,14.0,0.0,0.7,-0.000113349,22.96
US.CPB260904P15000,PUT,15.0,0.0,2.15,-0.000247329,22.96
US.CPB260904P16000,PUT,16.0,0.0,0.9,-0.001687537,22.96
US.CPB260904P17000,PUT,17.0,0.0,0.7,-0.007167415,22.96
US.CPB260904P17500,PUT,17.5,0.0,0.9,-0.013371797,22.96
US.CPB260904P18000,PUT,18.0,0.0,0.9,-0.023270171,22.96
US.CPB260904P18500,PUT,18.5,0.0,0.9,-0.038299031,22.96
US.CPB260904P19000,PUT,19.0,0.0,2.2,-0.059597919,22.96
US.CPB260904P19500,PUT,19.5,0.05,0.5,-0.134829976,22.96
US.CPB260904P20000,PUT,20.0,0.15,0.55,-0.166677216,22.96
US.CPB260904P20500,PUT,20.5,0.2,0.5,-0.184602896,22.96
US.CPB260904P21000,PUT,21.0,0.05,0.65,-0.20715421,22.96
US.CPB260904P21500,PUT,21.5,0.25,0.85,-0.27651078,22.96
US.CPB260904P22000,PUT,22.0,0.1,1.35,-0.338011627,22.96
US.CPB260904P22500,PUT,22.5,0.3,1.55,-0.40261444,22.96
US.CPB260904P23000,PUT,23.0,0.3,2.05,-0.469417009,22.96
US.CPB260904P23500,PUT,23.5,0.6,2.3,-0.535635107,22.96
US.CPB260904P24000,PUT,24.0,0.8,2.85,-0.591416577,22.96
US.CPB260904P24500,PUT,24.5,0.3,3.4,-0.719494252,22.96
US.CPB260904P25000,PUT,25.0,2.0,3.1,-0.696513409,22.96
US.CPB260904P25500,PUT,25.5,1.5,4.7,-0.707459295,22.96
US.CPB260904P26000,PUT,26.0,1.4,5.2,-0.799605497,22.96
US.CPB260904P26500,PUT,26.5,2.2,5.7,-0.770540988,22.96
US.CPB260904P27000,PUT,27.0,2.6,6.2,-0.79424006,22.96
US.CPB260904P27500,PUT,27.5,3.1,6.8,-0.791598163,22.96
US.CPB260904P28000,PUT,28.0,3.2,7.3,-0.854630323,22.96
US.CPB260904P29000,PUT,29.0,4.1,8.3,-0.883012807,22.96
US.CPB260904P30000,PUT,30.0,5.1,9.2,-0.909936155,22.96
US.CPB260918C14000,CALL,14.0,7.6,10.9,0.945238051,22.96
US.CPB260918C15000,CALL,15.0,6.1,10.0,0.993020033,22.96
US.CPB260918C16000,CALL,16.0,5.9,7.8,0.0,22.96
US.CPB260918C17000,CALL,17.0,5.5,6.3,0.0,22.96
US.CPB260918C18000,CALL,18.0,4.6,5.2,0.0,22.96
US.CPB260918C19000,CALL,19.0,2.5,6.0,0.900037207,22.96
US.CPB260918C20000,CALL,20.0,1.8,3.9,0.0,22.96
US.CPB260918C21000,CALL,21.0,2.25,3.1,0.74829196,22.96
US.CPB260918C22000,CALL,22.0,1.65,1.8,0.673949364,22.96
US.CPB260918C23000,CALL,23.0,1.1,1.25,0.536273853,22.96
US.CPB260918C24000,CALL,24.0,0.7,0.85,0.402650647,22.96
US.CPB260918C25000,CALL,25.0,0.45,0.55,0.288899565,22.96
US.CPB260918C26000,CALL,26.0,0.25,0.35,0.194611866,22.96
US.CPB260918C27000,CALL,27.0,0.15,0.3,0.145433741,22.96
US.CPB260918C28000,CALL,28.0,0.05,0.15,0.078033419,22.96
US.CPB260918C29000,CALL,29.0,0.0,0.35,0.07281987,22.96
US.CPB260918C30000,CALL,30.0,0.0,0.15,0.054175535,22.96
US.CPB260918C31000,CALL,31.0,0.0,1.0,0.040676937,22.96
US.CPB260918C32000,CALL,32.0,0.0,0.4,0.030794227,22.96
US.CPB260918P14000,PUT,14.0,0.0,0.45,-0.000396643,22.96
US.CPB260918P15000,PUT,15.0,0.0,0.55,-0.002077372,22.96
US.CPB260918P16000,PUT,16.0,0.0,0.75,-0.007485084,22.96
US.CPB260918P17000,PUT,17.0,0.0,0.2,-0.020949458,22.96
US.CPB260918P18000,PUT,18.0,0.0,0.55,-0.048535226,22.96
US.CPB260918P19000,PUT,19.0,0.1,0.4,-0.116849068,22.96
US.CPB260918P20000,PUT,20.0,0.15,0.4,-0.147667829,22.96
US.CPB260918P21000,PUT,21.0,0.25,0.55,-0.217298031,22.96
US.CPB260918P22000,PUT,22.0,0.4,0.85,-0.324850727,22.96
US.CPB260918P23000,PUT,23.0,1.1,1.3,-0.46544537,22.96
US.CPB260918P24000,PUT,24.0,0.85,1.9,-0.665463639,22.96
US.CPB260918P25000,PUT,25.0,1.6,2.9,-0.775862241,22.96
US.CPB260918P26000,PUT,26.0,2.2,5.5,-0.678391271,22.96
US.CPB260918P27000,PUT,27.0,4.0,5.7,-0.704322688,22.96
US.CPB260918P28000,PUT,28.0,4.1,7.4,-0.738857632,22.96
US.CPB260918P29000,PUT,29.0,4.8,8.0,-0.820101602,22.96
US.CPB260918P30000,PUT,30.0,5.8,9.0,-0.830752604,22.96
US.CPB260918P31000,PUT,31.0,7.0,10.2,-0.800570401,22.96
US.CPB260918P32000,PUT,32.0,8.0,11.2,-0.808678177,22.96
US.CPB261120C14000,CALL,14.0,7.5,10.2,0.0,22.96
US.CPB261120C15000,CALL,15.0,7.2,8.5,0.0,22.96
US.CPB261120C16000,CALL,16.0,5.6,9.0,0.945153111,22.96
US.CPB261120C17000,CALL,17.0,4.6,7.7,0.0,22.96
US.CPB261120C18000,CALL,18.0,3.7,7.0,0.920146604,22.96
US.CPB261120C19000,CALL,19.0,2.9,6.4,0.84429905,22.96
US.CPB261120C20000,CALL,20.0,2.9,3.7,0.917440255,22.96
US.CPB261120C21000,CALL,21.0,2.65,3.1,0.747345246,22.96
US.CPB261120C22000,CALL,22.0,2.05,2.3,0.659574675,22.96
US.CPB261120C23000,CALL,23.0,1.5,1.8,0.557616612,22.96
US.CPB261120C24000,CALL,24.0,1.15,1.4,0.461095719,22.96
US.CPB261120C25000,CALL,25.0,0.8,1.2,0.378641365,22.96
US.CPB261120C26000,CALL,26.0,0.55,0.75,0.286339437,22.96
US.CPB261120C27000,CALL,27.0,0.4,0.6,0.227784704,22.96
US.CPB261120C28000,CALL,28.0,0.3,0.5,0.184674376,22.96
US.CPB261120C29000,CALL,29.0,0.2,0.4,0.144328185,22.96
US.CPB261120C30000,CALL,30.0,0.05,0.35,0.104245645,22.96
US.CPB261120P14000,PUT,14.0,0.0,0.3,-0.046377218,22.96
US.CPB261120P15000,PUT,15.0,0.0,1.05,-0.058809936,22.96
US.CPB261120P16000,PUT,16.0,0.05,1.15,-0.119236855,22.96
US.CPB261120P17000,PUT,17.0,0.0,0.25,-0.074818567,22.96
US.CPB261120P18000,PUT,18.0,0.05,0.5,-0.103336768,22.96
US.CPB261120P19000,PUT,19.0,0.45,0.55,-0.161639534,22.96
US.CPB261120P20000,PUT,20.0,0.65,0.8,-0.219384157,22.96
US.CPB261120P21000,PUT,21.0,0.8,1.1,-0.282136511,22.96
US.CPB261120P22000,PUT,22.0,1.3,1.5,-0.363101661,22.96
US.CPB261120P23000,PUT,23.0,1.45,2.0,-0.445601767,22.96
US.CPB261120P24000,PUT,24.0,2.35,2.55,-0.522653326,22.96
US.CPB261120P25000,PUT,25.0,2.9,3.5,-0.588498996,22.96
US.CPB261120P26000,PUT,26.0,3.7,4.2,-0.649876778,22.96
US.CPB261120P27000,PUT,27.0,3.6,6.8,-0.64740534,22.96
US.CPB261120P28000,PUT,28.0,4.5,7.7,-0.677613392,22.96
US.CPB261120P29000,PUT,29.0,5.4,8.6,-0.704920736,22.96
US.CPB261120P30000,PUT,30.0,5.9,9.0,-0.803431494,22.96
US.LULU260731C100000,CALL,100.0,18.15,20.4,0.957171625,119.03
US.LULU260731C101000,CALL,101.0,17.55,19.4,0.932164574,119.03
US.LULU260731C102000,CALL,102.0,16.55,18.45,0.926659543,119.03
US.LULU260731C103000,CALL,103.0,15.55,18.05,0.896076536,119.03
US.LULU260731C104000,CALL,104.0,14.55,17.05,0.891473895,119.03
US.LULU260731C105000,CALL,105.0,13.2,15.4,0.9420091,119.03
US.LULU260731C106000,CALL,106.0,12.2,14.45,0.934881517,119.03
US.LULU260731C107000,CALL,107.0,11.55,13.45,0.906460547,119.03
US.LULU260731C108000,CALL,108.0,10.55,12.3,0.911167342,119.03
US.LULU260731C109000,CALL,109.0,9.25,11.45,0.917418491,119.03
US.LULU260731C110000,CALL,110.0,8.45,10.45,0.894759877,119.03
US.LULU260731C111000,CALL,111.0,7.7,9.55,0.861415148,119.03
US.LULU260731C112000,CALL,112.0,6.55,8.6,0.857389824,119.03
US.LULU260731C113000,CALL,113.0,5.55,7.65,0.840760814,119.03
US.LULU260731C114000,CALL,114.0,5.0,5.8,0.861106928,119.03
US.LULU260731C115000,CALL,115.0,4.25,4.9,0.808066274,119.03
US.LULU260731C116000,CALL,116.0,3.45,4.1,0.749381273,119.03
US.LULU260731C117000,CALL,117.0,2.85,3.25,0.678380019,119.03
US.LULU260731C118000,CALL,118.0,2.16,2.53,0.600996409,119.03
US.LULU260731C119000,CALL,119.0,1.68,1.94,0.512161579,119.03
US.LULU260731C120000,CALL,120.0,1.18,1.48,0.422364237,119.03
US.LULU260731C121000,CALL,121.0,0.79,1.3,0.345116836,119.03
US.LULU260731C122000,CALL,122.0,0.58,0.83,0.264052865,119.03
US.LULU260731C123000,CALL,123.0,0.39,0.6,0.200042635,119.03
US.LULU260731C124000,CALL,124.0,0.3,0.42,0.152175954,119.03
US.LULU260731C125000,CALL,125.0,0.21,0.33,0.117040227,119.03
US.LULU260731C126000,CALL,126.0,0.09,0.28,0.084746439,119.03
US.LULU260731C127000,CALL,127.0,0.06,0.23,0.066571128,119.03
US.LULU260731C128000,CALL,128.0,0.05,0.16,0.049541544,119.03
US.LULU260731C129000,CALL,129.0,0.02,0.17,0.0430852,119.03
US.LULU260731C130000,CALL,130.0,0.05,0.22,0.051776183,119.03
US.LULU260731C131000,CALL,131.0,0.03,0.18,0.041004456,119.03
US.LULU260731C132000,CALL,132.0,0.02,0.1,0.025832201,119.03
US.LULU260731C133000,CALL,133.0,0.0,0.75,0.087630311,119.03
US.LULU260731C134000,CALL,134.0,0.01,0.15,0.029006273,119.03
US.LULU260731C135000,CALL,135.0,0.0,0.22,0.035087581,119.03
US.LULU260731C136000,CALL,136.0,0.0,0.94,0.078366627,119.03
US.LULU260731C137000,CALL,137.0,0.0,0.92,0.06883514,119.03
US.LULU260731C138000,CALL,138.0,0.0,0.62,0.033416783,119.03
US.LULU260731C139000,CALL,139.0,0.0,0.82,0.021618375,119.03
US.LULU260731C140000,CALL,140.0,0.0,0.1,0.016161341,119.03
US.LULU260731C141000,CALL,141.0,0.0,0.18,0.071164753,119.03
US.LULU260731C142000,CALL,142.0,0.0,0.88,0.025779154,119.03
US.LULU260731C145000,CALL,145.0,0.0,0.1,0.023800704,119.03
US.LULU260731C150000,CALL,150.0,0.0,0.5,0.019602729,119.03
US.LULU260731C155000,CALL,155.0,0.0,0.1,0.011236375,119.03
US.LULU260731C160000,CALL,160.0,0.0,0.07,0.010320524,119.03
US.LULU260731C165000,CALL,165.0,0.0,0.04,0.009583307,119.03
US.LULU260731C75000,CALL,75.0,43.15,45.75,0.969820644,119.03
US.LULU260731C80000,CALL,80.0,38.15,41.0,0.959196436,119.03
US.LULU260731C85000,CALL,85.0,33.25,36.0,0.950833594,119.03
US.LULU260731C90000,CALL,90.0,28.25,30.4,0.965396676,119.03
US.LULU260731C95000,CALL,95.0,23.15,26.0,0.937817317,119.03
US.LULU260731C99000,CALL,99.0,19.55,22.05,0.911129916,119.03
US.LULU260731P100000,PUT,100.0,0.01,0.11,-0.016413975,119.03
US.LULU260731P101000,PUT,101.0,0.0,0.25,-0.006444197,119.03
US.LULU260731P102000,PUT,102.0,0.0,0.81,-0.009320401,119.03
US.LULU260731P103000,PUT,103.0,0.0,0.4,-0.016558951,119.03
US.LULU260731P104000,PUT,104.0,0.02,0.13,-0.023646863,119.03
US.LULU260731P105000,PUT,105.0,0.01,0.25,-0.037117694,119.03
US.LULU260731P106000,PUT,106.0,0.0,0.57,-0.022534215,119.03
US.LULU260731P107000,PUT,107.0,0.02,0.26,-0.043993432,119.03
US.LULU260731P108000,PUT,108.0,0.0,0.18,-0.01906134,119.03
US.LULU260731P109000,PUT,109.0,0.03,0.4,-0.066939123,119.03
US.LULU260731P110000,PUT,110.0,0.05,0.34,-0.067649453,119.03
US.LULU260731P111000,PUT,111.0,0.0,0.64,-0.061892862,119.03
US.LULU260731P112000,PUT,112.0,0.13,0.23,-0.076307612,119.03
US.LULU260731P113000,PUT,113.0,0.19,0.34,-0.10676917,119.03
US.LULU260731P114000,PUT,114.0,0.21,0.46,-0.135927291,119.03
US.LULU260731P115000,PUT,115.0,0.35,0.62,-0.185164193,119.03
US.LULU260731P116000,PUT,116.0,0.6,0.81,-0.248178252,119.03
US.LULU260731P117000,PUT,117.0,0.82,1.04,-0.315208586,119.03
US.LULU260731P118000,PUT,118.0,1.15,1.51,-0.400861879,119.03
US.LULU260731P119000,PUT,119.0,1.56,1.87,-0.488038585,119.03
US.LULU260731P120000,PUT,120.0,2.1,2.49,-0.576929257,119.03
US.LULU260731P121000,PUT,121.0,2.64,3.25,-0.659804671,119.03
US.LULU260731P122000,PUT,122.0,3.35,3.95,-0.736762395,119.03
US.LULU260731P123000,PUT,123.0,4.15,4.75,-0.799116073,119.03
US.LULU260731P124000,PUT,124.0,4.95,5.75,-0.839122751,119.03
US.LULU260731P125000,PUT,125.0,5.1,6.85,-0.987159328,119.03
US.LULU260731P126000,PUT,126.0,5.8,8.05,0.0,119.03
US.LULU260731P127000,PUT,127.0,6.75,8.8,0.0,119.03
US.LULU260731P128000,PUT,128.0,7.45,10.05,0.0,119.03
US.LULU260731P129000,PUT,129.0,8.7,10.75,0.0,119.03
US.LULU260731P130000,PUT,130.0,9.65,12.4,-0.967688836,119.03
US.LULU260731P131000,PUT,131.0,10.65,12.9,0.0,119.03
US.LULU260731P132000,PUT,132.0,11.65,14.0,0.0,119.03
US.LULU260731P133000,PUT,133.0,12.65,14.9,0.0,119.03
US.LULU260731P134000,PUT,134.0,13.0,16.25,0.0,119.03
US.LULU260731P135000,PUT,135.0,14.0,17.55,0.0,119.03
US.LULU260731P136000,PUT,136.0,15.65,17.85,0.0,119.03
US.LULU260731P137000,PUT,137.0,16.35,19.1,0.0,119.03
US.LULU260731P138000,PUT,138.0,17.65,19.5,0.0,119.03
US.LULU260731P139000,PUT,139.0,18.65,20.8,0.0,119.03
US.LULU260731P140000,PUT,140.0,19.65,21.85,0.0,119.03
US.LULU260731P141000,PUT,141.0,20.65,23.2,0.0,119.03
US.LULU260731P142000,PUT,142.0,21.2,24.25,0.0,119.03
US.LULU260731P145000,PUT,145.0,24.2,27.3,0.0,119.03
US.LULU260731P150000,PUT,150.0,29.65,32.2,0.0,119.03
US.LULU260731P155000,PUT,155.0,34.65,37.25,0.0,119.03
US.LULU260731P160000,PUT,160.0,39.35,42.25,0.0,119.03
US.LULU260731P165000,PUT,165.0,44.2,47.25,0.0,119.03
US.LULU260731P75000,PUT,75.0,0.0,0.02,-3.0863e-05,119.03
US.LULU260731P80000,PUT,80.0,0.0,0.05,-3.5498e-05,119.03
US.LULU260731P85000,PUT,85.0,0.0,0.07,-0.004007431,119.03
US.LULU260731P90000,PUT,90.0,0.0,0.87,-4.9054e-05,119.03
US.LULU260731P95000,PUT,95.0,0.0,0.87,-0.013350284,119.03
US.LULU260731P99000,PUT,99.0,0.01,0.43,-0.040311266,119.03
US.LULU260807C100000,CALL,100.0,17.55,20.7,0.998685338,119.03
US.LULU260807C101000,CALL,101.0,17.3,19.6,0.943018087,119.03
US.LULU260807C102000,CALL,102.0,16.3,19.25,0.908580463,119.03
US.LULU260807C103000,CALL,103.0,15.3,17.65,0.934920148,119.03
US.LULU260807C104000,CALL,104.0,14.5,17.3,0.889944251,119.03
US.LULU260807C105000,CALL,105.0,13.5,15.7,0.913564157,119.03
US.LULU260807C106000,CALL,106.0,12.6,14.75,0.900870349,119.03
US.LULU260807C107000,CALL,107.0,11.3,13.85,0.907336712,119.03
US.LULU260807C108000,CALL,108.0,10.7,12.9,0.876158675,119.03
US.LULU260807C109000,CALL,109.0,9.85,12.0,0.856375912,119.03
US.LULU260807C110000,CALL,110.0,8.5,11.15,0.857782562,119.03
US.LULU260807C111000,CALL,111.0,8.1,10.25,0.814434588,119.03
US.LULU260807C112000,CALL,112.0,7.3,9.45,0.785962735,119.03
US.LULU260807C113000,CALL,113.0,6.55,8.9,0.747583221,119.03
US.LULU260807C114000,CALL,114.0,5.85,8.15,0.714385878,119.03
US.LULU260807C115000,CALL,115.0,5.6,6.2,0.697050768,119.03
US.LULU260807C116000,CALL,116.0,4.95,5.5,0.655916861,119.03
US.LULU260807C117000,CALL,117.0,4.4,4.9,0.611112577,119.03
US.LULU260807C118000,CALL,118.0,3.75,4.35,0.566775112,119.03
US.LULU260807C119000,CALL,119.0,3.35,3.8,0.521075877,119.03
US.LULU260807C120000,CALL,120.0,2.89,3.3,0.475727908,119.03
US.LULU260807C121000,CALL,121.0,2.47,2.79,0.429919516,119.03
US.LULU260807C122000,CALL,122.0,2.1,2.4,0.385994599,119.03
US.LULU260807C123000,CALL,123.0,1.82,2.21,0.349296886,119.03
US.LULU260807C124000,CALL,124.0,1.54,1.73,0.305216579,119.03
US.LULU260807C125000,CALL,125.0,1.3,1.5,0.27001172,119.03
US.LULU260807C126000,CALL,126.0,0.05,1.27,0.17861121,119.03
US.LULU260807C127000,CALL,127.0,0.7,1.08,0.195218049,119.03
US.LULU260807C128000,CALL,128.0,0.7,1.05,0.18326717,119.03
US.LULU260807C129000,CALL,129.0,0.58,0.76,0.150882528,119.03
US.LULU260807C130000,CALL,130.0,0.51,0.63,0.131002893,119.03
US.LULU260807C131000,CALL,131.0,0.37,0.55,0.109995145,119.03
US.LULU260807C132000,CALL,132.0,0.32,0.46,0.094928845,119.03
US.LULU260807C133000,CALL,133.0,0.26,0.4,0.08172684,119.03
US.LULU260807C134000,CALL,134.0,0.01,0.69,0.081554838,119.03
US.LULU260807C135000,CALL,135.0,0.01,0.3,0.045049673,119.03
US.LULU260807C140000,CALL,140.0,0.0,0.16,0.035172211,119.03
US.LULU260807C145000,CALL,145.0,0.01,0.1,0.01508852,119.03
US.LULU260807C150000,CALL,150.0,0.0,0.15,0.018821003,119.03
US.LULU260807C155000,CALL,155.0,0.0,0.91,0.013022705,119.03
US.LULU260807C160000,CALL,160.0,0.0,0.59,0.007781863,119.03
US.LULU260807C165000,CALL,165.0,0.0,0.09,0.013945743,119.03
US.LULU260807C75000,CALL,75.0,43.2,45.95,0.966407198,119.03
US.LULU260807C80000,CALL,80.0,38.2,41.1,0.958437699,119.03
US.LULU260807C85000,CALL,85.0,33.4,36.1,0.947555371,119.03
US.LULU260807C90000,CALL,90.0,28.45,30.5,0.958635878,119.03
US.LULU260807C95000,CALL,95.0,23.25,25.5,0.961476203,119.03
US.LULU260807C99000,CALL,99.0,19.3,22.05,0.926344163,119.03
US.LULU260807P100000,PUT,100.0,0.05,0.33,-0.037842746,119.03
US.LULU260807P101000,PUT,101.0,0.0,0.67,-0.033804618,119.03
US.LULU260807P102000,PUT,102.0,0.0,0.3,-0.037713724,119.03
US.LULU260807P103000,PUT,103.0,0.01,1.09,-0.086275519,119.03
US.LULU260807P104000,PUT,104.0,0.03,0.18,-0.030066159,119.03
US.LULU260807P105000,PUT,105.0,0.15,0.5,-0.068418946,119.03
US.LULU260807P106000,PUT,106.0,0.2,0.35,-0.064818057,119.03
US.LULU260807P107000,PUT,107.0,0.26,0.42,-0.078480661,119.03
US.LULU260807P108000,PUT,108.0,0.34,0.6,-0.101221545,119.03
US.LULU260807P109000,PUT,109.0,0.44,0.76,-0.123557413,119.03
US.LULU260807P110000,PUT,110.0,0.56,0.91,-0.14664453,119.03
US.LULU260807P111000,PUT,111.0,0.72,0.89,-0.164020115,119.03
US.LULU260807P112000,PUT,112.0,0.87,1.09,-0.193059304,119.03
US.LULU260807P113000,PUT,113.0,0.73,1.32,-0.212124467,119.03
US.LULU260807P114000,PUT,114.0,1.25,1.6,-0.261107585,119.03
US.LULU260807P115000,PUT,115.0,1.37,1.89,-0.296064078,119.03
US.LULU260807P116000,PUT,116.0,1.93,2.19,-0.34326302,119.03
US.LULU260807P117000,PUT,117.0,2.3,2.61,-0.387827626,119.03
US.LULU260807P118000,PUT,118.0,2.74,3.15,-0.433997677,119.03
US.LULU260807P119000,PUT,119.0,3.1,3.55,-0.479724386,119.03
US.LULU260807P120000,PUT,120.0,3.75,4.1,-0.525399822,119.03
US.LULU260807P121000,PUT,121.0,3.85,4.75,-0.576731248,119.03
US.LULU260807P122000,PUT,122.0,4.8,5.45,-0.614350208,119.03
US.LULU260807P123000,PUT,123.0,5.5,6.15,-0.654455321,119.03
US.LULU260807P124000,PUT,124.0,6.15,6.85,-0.695821741,119.03
US.LULU260807P125000,PUT,125.0,6.6,7.9,-0.732396109,119.03
US.LULU260807P126000,PUT,126.0,7.05,8.7,-0.781641127,119.03
US.LULU260807P127000,PUT,127.0,7.45,9.35,-0.854831684,119.03
US.LULU260807P128000,PUT,128.0,8.3,10.55,-0.859590224,119.03
US.LULU260807P129000,PUT,129.0,9.15,11.2,-0.911802058,119.03
US.LULU260807P130000,PUT,130.0,10.05,12.2,-0.927954792,119.03
US.LULU260807P131000,PUT,131.0,10.95,13.15,-0.951653614,119.03
US.LULU260807P132000,PUT,132.0,11.9,14.05,-0.988712714,119.03
US.LULU260807P133000,PUT,133.0,12.85,15.0,0.0,119.03
US.LULU260807P134000,PUT,134.0,13.8,16.0,0.0,119.03
US.LULU260807P135000,PUT,135.0,14.75,16.95,0.0,119.03
US.LULU260807P140000,PUT,140.0,19.65,21.9,0.0,119.03
US.LULU260807P145000,PUT,145.0,24.65,26.9,0.0,119.03
US.LULU260807P150000,PUT,150.0,29.0,32.7,0.0,119.03
US.LULU260807P155000,PUT,155.0,34.65,36.95,0.0,119.03
US.LULU260807P160000,PUT,160.0,39.65,41.9,0.0,119.03
US.LULU260807P165000,PUT,165.0,44.65,46.95,0.0,119.03
US.LULU260807P75000,PUT,75.0,0.0,0.04,-0.005412079,119.03
US.LULU260807P80000,PUT,80.0,0.0,0.04,-0.008125436,119.03
US.LULU260807P85000,PUT,85.0,0.0,0.07,-0.011427943,119.03
US.LULU260807P90000,PUT,90.0,0.0,0.1,-0.01556277,119.03
US.LULU260807P95000,PUT,95.0,0.0,0.06,-0.009727965,119.03
US.LULU260807P99000,PUT,99.0,0.0,0.76,-0.026165463,119.03
US.LULU260814C100000,CALL,100.0,18.5,20.7,0.93741561,119.03
US.LULU260814C101000,CALL,101.0,17.55,19.85,0.925227289,119.03
US.LULU260814C102000,CALL,102.0,16.6,19.2,0.904804488,119.03
US.LULU260814C103000,CALL,103.0,15.8,18.0,0.900892565,119.03
US.LULU260814C104000,CALL,104.0,14.75,17.05,0.896625556,119.03
US.LULU260814C105000,CALL,105.0,14.3,16.15,0.86668567,119.03
US.LULU260814C106000,CALL,106.0,13.05,15.25,0.866098046,119.03
US.LULU260814C107000,CALL,107.0,12.1,14.4,0.852129333,119.03
US.LULU260814C108000,CALL,108.0,11.25,13.5,0.835731163,119.03
US.LULU260814C109000,CALL,109.0,10.6,12.7,0.809355958,119.03
US.LULU260814C110000,CALL,110.0,9.75,11.9,0.789046339,119.03
US.LULU260814C111000,CALL,111.0,9.0,11.1,0.7655007,119.03
US.LULU260814C112000,CALL,112.0,8.65,11.05,0.719829353,119.03
US.LULU260814C113000,CALL,113.0,7.7,8.85,0.72566019,119.03
US.LULU260814C114000,CALL,114.0,7.1,8.15,0.69382461,119.03
US.LULU260814C115000,CALL,115.0,6.4,7.5,0.662805675,119.03
US.LULU260814C116000,CALL,116.0,5.95,6.85,0.628524345,119.03
US.LULU260814C117000,CALL,117.0,5.25,6.3,0.595781653,119.03
US.LULU260814C118000,CALL,118.0,4.85,5.7,0.561400647,119.03
US.LULU260814C119000,CALL,119.0,4.35,5.15,0.527282037,119.03
US.LULU260814C120000,CALL,120.0,3.75,4.65,0.492356579,119.03
US.LULU260814C121000,CALL,121.0,3.55,4.2,0.459900391,119.03
US.LULU260814C122000,CALL,122.0,3.05,3.75,0.425155969,119.03
US.LULU260814C123000,CALL,123.0,2.82,3.35,0.394218281,119.03
US.LULU260814C124000,CALL,124.0,2.5,2.79,0.358973197,119.03
US.LULU260814C125000,CALL,125.0,2.16,2.53,0.328577218,119.03
US.LULU260814C126000,CALL,126.0,1.87,2.27,0.299458413,119.03
US.LULU260814C127000,CALL,127.0,1.57,2.03,0.27052199,119.03
US.LULU260814C128000,CALL,128.0,1.31,1.79,0.242516743,119.03
US.LULU260814C129000,CALL,129.0,1.16,1.58,0.219371638,119.03
US.LULU260814C130000,CALL,130.0,1.06,1.4,0.199679521,119.03
US.LULU260814C135000,CALL,135.0,0.47,0.76,0.112650404,119.03
US.LULU260814C140000,CALL,140.0,0.01,0.86,0.077703382,119.03
US.LULU260814C145000,CALL,145.0,0.05,0.25,0.032375547,119.03
US.LULU260814C150000,CALL,150.0,0.0,0.21,0.068532845,119.03
US.LULU260814C155000,CALL,155.0,0.0,0.81,0.053062242,119.03
US.LULU260814C160000,CALL,160.0,0.0,0.98,0.003646755,119.03
US.LULU260814C165000,CALL,165.0,0.0,0.94,0.001445604,119.03
US.LULU260814C75000,CALL,75.0,43.25,46.15,0.963209767,119.03
US.LULU260814C80000,CALL,80.0,38.5,41.15,0.952909596,119.03
US.LULU260814C85000,CALL,85.0,32.4,36.2,0.982898072,119.03
US.LULU260814C90000,CALL,90.0,28.45,31.2,0.939668534,119.03
US.LULU260814C95000,CALL,95.0,23.4,26.25,0.930256696,119.03
US.LULU260814C99000,CALL,99.0,19.1,22.05,0.942098472,119.03
US.LULU260814P100000,PUT,100.0,0.11,0.47,-0.050342394,119.03
US.LULU260814P101000,PUT,101.0,0.01,1.19,-0.083369683,119.03
US.LULU260814P102000,PUT,102.0,0.01,0.58,-0.055462112,119.03
US.LULU260814P103000,PUT,103.0,0.01,0.92,-0.077604764,119.03
US.LULU260814P104000,PUT,104.0,0.34,0.88,-0.095638877,119.03
US.LULU260814P105000,PUT,105.0,0.42,0.67,-0.09376203,119.03
US.LULU260814P106000,PUT,106.0,0.51,0.78,-0.108627683,119.03
US.LULU260814P107000,PUT,107.0,0.63,0.92,-0.126568973,119.03
US.LULU260814P108000,PUT,108.0,0.76,1.08,-0.146005176,119.03
US.LULU260814P109000,PUT,109.0,0.13,1.28,-0.134274582,119.03
US.LULU260814P110000,PUT,110.0,1.09,1.43,-0.189673966,119.03
US.LULU260814P111000,PUT,111.0,1.27,1.73,-0.216596192,119.03
US.LULU260814P112000,PUT,112.0,1.53,1.94,-0.243347884,119.03
US.LULU260814P113000,PUT,113.0,1.77,2.27,-0.272934721,119.03
US.LULU260814P114000,PUT,114.0,2.04,2.55,-0.30247017,119.03
US.LULU260814P115000,PUT,115.0,2.62,2.89,-0.338285992,119.03
US.LULU260814P116000,PUT,116.0,2.8,3.25,-0.368833464,119.03
US.LULU260814P117000,PUT,117.0,3.15,3.8,-0.403827326,119.03
US.LULU260814P118000,PUT,118.0,3.5,4.15,-0.438144722,119.03
US.LULU260814P119000,PUT,119.0,4.3,4.75,-0.47355263,119.03
US.LULU260814P120000,PUT,120.0,4.6,5.25,-0.509163673,119.03
US.LULU260814P121000,PUT,121.0,5.15,5.85,-0.543875305,119.03
US.LULU260814P122000,PUT,122.0,5.75,6.35,-0.579366102,119.03
US.LULU260814P123000,PUT,123.0,4.85,7.1,-0.641775084,119.03
US.LULU260814P124000,PUT,124.0,6.85,7.75,-0.647757629,119.03
US.LULU260814P125000,PUT,125.0,7.6,8.7,-0.671895028,119.03
US.LULU260814P126000,PUT,126.0,8.1,9.55,-0.703835383,119.03
US.LULU260814P127000,PUT,127.0,8.85,10.25,-0.733605485,119.03
US.LULU260814P128000,PUT,128.0,9.55,11.05,-0.762269807,119.03
US.LULU260814P129000,PUT,129.0,9.8,11.9,-0.809866171,119.03
US.LULU260814P130000,PUT,130.0,10.4,13.25,-0.820386538,119.03
US.LULU260814P135000,PUT,135.0,14.8,17.25,-0.962387929,119.03
US.LULU260814P140000,PUT,140.0,19.7,22.0,0.0,119.03
US.LULU260814P145000,PUT,145.0,24.05,26.95,0.0,119.03
US.LULU260814P150000,PUT,150.0,29.6,31.9,0.0,119.03
US.LULU260814P155000,PUT,155.0,34.35,37.05,0.0,119.03
US.LULU260814P160000,PUT,160.0,39.6,41.9,0.0,119.03
US.LULU260814P165000,PUT,165.0,44.0,46.9,0.0,119.03
US.LULU260814P75000,PUT,75.0,0.0,0.08,-0.00677617,119.03
US.LULU260814P80000,PUT,80.0,0.0,0.89,-0.01031724,119.03
US.LULU260814P85000,PUT,85.0,0.0,0.92,-0.015371319,119.03
US.LULU260814P90000,PUT,90.0,0.0,1.0,-0.022423378,119.03
US.LULU260814P95000,PUT,95.0,0.0,0.99,-0.032048188,119.03
US.LULU260814P99000,PUT,99.0,0.01,1.15,-0.075606587,119.03
US.LULU260821C100000,CALL,100.0,18.9,20.7,0.925880402,119.03
US.LULU260821C102000,CALL,102.0,16.5,19.95,0.887073874,119.03
US.LULU260821C103000,CALL,103.0,15.5,18.95,0.882644475,119.03
US.LULU260821C104000,CALL,104.0,15.3,18.15,0.847857677,119.03
US.LULU260821C105000,CALL,105.0,14.45,17.1,0.839080287,119.03
US.LULU260821C106000,CALL,106.0,13.65,15.8,0.834974699,119.03
US.LULU260821C107000,CALL,107.0,12.35,15.0,0.830442731,119.03
US.LULU260821C108000,CALL,108.0,12.05,14.15,0.800043386,119.03
US.LULU260821C109000,CALL,109.0,11.25,13.4,0.780396921,119.03
US.LULU260821C110000,CALL,110.0,10.95,12.65,0.751292463,119.03
US.LULU260821C111000,CALL,111.0,9.8,11.9,0.737402105,119.03
US.LULU260821C112000,CALL,112.0,9.15,10.4,0.726342144,119.03
US.LULU260821C113000,CALL,113.0,7.85,9.85,0.708333595,119.03
US.LULU260821C114000,CALL,114.0,8.1,8.8,0.673809623,119.03
US.LULU260821C115000,CALL,115.0,7.25,8.2,0.648381323,119.03
US.LULU260821C116000,CALL,116.0,6.7,7.8,0.618165243,119.03
US.LULU260821C117000,CALL,117.0,6.15,7.2,0.589845607,119.03
US.LULU260821C118000,CALL,118.0,5.55,6.45,0.561488016,119.03
US.LULU260821C119000,CALL,119.0,5.15,5.95,0.531944644,119.03
US.LULU260821C120000,CALL,120.0,4.95,5.4,0.503379768,119.03
US.LULU260821C121000,CALL,121.0,4.4,5.0,0.474366286,119.03
US.LULU260821C122000,CALL,122.0,2.68,6.35,0.450039523,119.03
US.LULU260821C123000,CALL,123.0,3.7,4.15,0.418683186,119.03
US.LULU260821C124000,CALL,124.0,2.95,3.8,0.38597506,119.03
US.LULU260821C125000,CALL,125.0,3.05,3.3,0.363253967,119.03
US.LULU260821C126000,CALL,126.0,2.64,3.1,0.337569076,119.03
US.LULU260821C127000,CALL,127.0,2.48,2.69,0.312679477,119.03
US.LULU260821C128000,CALL,128.0,1.44,4.0,0.306975585,119.03
US.LULU260821C129000,CALL,129.0,1.2,2.73,0.259433586,119.03
US.LULU260821C130000,CALL,130.0,1.73,1.96,0.243210645,119.03
US.LULU260821C131000,CALL,131.0,0.42,1.85,0.18493413,119.03
US.LULU260821C135000,CALL,135.0,1.01,1.43,0.168069624,119.03
US.LULU260821C140000,CALL,140.0,0.59,0.7,0.100501134,119.03
US.LULU260821C145000,CALL,145.0,0.34,0.66,0.075736415,119.03
US.LULU260821C150000,CALL,150.0,0.01,0.34,0.03256363,119.03
US.LULU260821C155000,CALL,155.0,0.01,0.4,0.033401369,119.03
US.LULU260821C160000,CALL,160.0,0.0,0.16,0.015046962,119.03
US.LULU260821C165000,CALL,165.0,0.0,0.21,0.014904347,119.03
US.LULU260821C75000,CALL,75.0,42.95,46.2,0.972047363,119.03
US.LULU260821C80000,CALL,80.0,38.0,41.25,0.966202218,119.03
US.LULU260821C85000,CALL,85.0,33.3,36.3,0.951770529,119.03
US.LULU260821C90000,CALL,90.0,28.1,30.75,0.974765132,119.03
US.LULU260821C95000,CALL,95.0,23.6,25.9,0.940873792,119.03
US.LULU260821P100000,PUT,100.0,0.35,0.53,-0.065891745,119.03
US.LULU260821P102000,PUT,102.0,0.51,0.71,-0.087434024,119.03
US.LULU260821P103000,PUT,103.0,0.6,0.82,-0.099704679,119.03
US.LULU260821P104000,PUT,104.0,0.3,0.95,-0.096689905,119.03
US.LULU260821P105000,PUT,105.0,0.76,1.09,-0.126122927,119.03
US.LULU260821P106000,PUT,106.0,0.95,1.97,-0.166139251,119.03
US.LULU260821P107000,PUT,107.0,1.06,1.45,-0.161637065,119.03
US.LULU260821P108000,PUT,108.0,0.41,1.63,-0.153273428,119.03
US.LULU260821P109000,PUT,109.0,1.63,1.9,-0.207500905,119.03
US.LULU260821P110000,PUT,110.0,1.84,2.05,-0.226735192,119.03
US.LULU260821P111000,PUT,111.0,2.05,2.35,-0.249803388,119.03
US.LULU260821P112000,PUT,112.0,2.23,2.71,-0.273746532,119.03
US.LULU260821P113000,PUT,113.0,2.72,3.05,-0.302405719,119.03
US.LULU260821P114000,PUT,114.0,1.89,4.7,-0.330126911,119.03
US.LULU260821P115000,PUT,115.0,3.15,4.0,-0.355155355,119.03
US.LULU260821P116000,PUT,116.0,3.75,4.15,-0.382631406,119.03
US.LULU260821P117000,PUT,117.0,4.0,4.85,-0.411450057,119.03
US.LULU260821P118000,PUT,118.0,4.45,5.1,-0.439764425,119.03
US.LULU260821P119000,PUT,119.0,5.1,6.4,-0.467749568,119.03
US.LULU260821P120000,PUT,120.0,5.5,6.7,-0.496038311,119.03
US.LULU260821P121000,PUT,121.0,6.0,6.7,-0.527633395,119.03
US.LULU260821P122000,PUT,122.0,6.05,7.45,-0.560049347,119.03
US.LULU260821P123000,PUT,123.0,6.65,8.1,-0.589070229,119.03
US.LULU260821P124000,PUT,124.0,7.85,9.35,-0.600902013,119.03
US.LULU260821P125000,PUT,125.0,7.95,9.2,-0.649706213,119.03
US.LULU260821P126000,PUT,126.0,8.9,10.85,-0.652887435,119.03
US.LULU260821P127000,PUT,127.0,9.7,10.65,-0.694739682,119.03
US.LULU260821P128000,PUT,128.0,9.9,11.65,-0.727088235,119.03
US.LULU260821P129000,PUT,129.0,10.45,12.15,-0.767465637,119.03
US.LULU260821P130000,PUT,130.0,11.85,13.85,-0.742316213,119.03
US.LULU260821P131000,PUT,131.0,12.0,14.65,-0.782539269,119.03
US.LULU260821P135000,PUT,135.0,15.1,18.4,-0.851551852,119.03
US.LULU260821P140000,PUT,140.0,19.95,22.15,-0.958414585,119.03
US.LULU260821P145000,PUT,145.0,24.75,27.0,0.0,119.03
US.LULU260821P150000,PUT,150.0,29.25,32.3,0.0,119.03
US.LULU260821P155000,PUT,155.0,34.2,37.7,0.0,119.03
US.LULU260821P160000,PUT,160.0,39.0,42.9,0.0,119.03
US.LULU260821P165000,PUT,165.0,44.0,48.0,-0.983873432,119.03
US.LULU260821P75000,PUT,75.0,0.0,0.2,-0.000554404,119.03
US.LULU260821P80000,PUT,80.0,0.0,0.93,-0.002335249,119.03
US.LULU260821P85000,PUT,85.0,0.0,0.81,-0.007802242,119.03
US.LULU260821P90000,PUT,90.0,0.0,1.11,-0.021130894,119.03
US.LULU260821P95000,PUT,95.0,0.01,0.4,-0.032708224,119.03
US.LULU260828C100000,CALL,100.0,19.9,20.7,0.895149299,119.03
US.LULU260828C101000,CALL,101.0,18.0,21.45,0.867632694,119.03
US.LULU260828C102000,CALL,102.0,17.15,20.6,0.855577649,119.03
US.LULU260828C103000,CALL,103.0,16.65,19.75,0.835791164,119.03
US.LULU260828C104000,CALL,104.0,16.15,18.95,0.816030609,119.03
US.LULU260828C105000,CALL,105.0,15.25,18.15,0.803806439,119.03
US.LULU260828C106000,CALL,106.0,14.15,17.0,0.800840455,119.03
US.LULU260828C107000,CALL,107.0,13.45,16.0,0.787255785,119.03
US.LULU260828C108000,CALL,108.0,12.95,15.25,0.765818086,119.03
US.LULU260828C109000,CALL,109.0,12.0,15.1,0.743070784,119.03
US.LULU260828C110000,CALL,110.0,11.0,13.8,0.736173034,119.03
US.LULU260828C111000,CALL,111.0,10.4,13.1,0.715116792,119.03
US.LULU260828C112000,CALL,112.0,9.85,12.65,0.691152286,119.03
US.LULU260828C113000,CALL,113.0,9.2,12.4,0.667449982,119.03
US.LULU260828C114000,CALL,114.0,8.7,11.15,0.650096702,119.03
US.LULU260828C115000,CALL,115.0,8.05,10.55,0.628581118,119.03
US.LULU260828C116000,CALL,116.0,7.55,9.95,0.606182951,119.03
US.LULU260828C117000,CALL,117.0,6.95,9.35,0.583947305,119.03
US.LULU260828C118000,CALL,118.0,7.05,7.8,0.561297659,119.03
US.LULU260828C119000,CALL,119.0,6.25,7.3,0.537354238,119.03
US.LULU260828C120000,CALL,120.0,6.05,6.85,0.514252909,119.03
US.LULU260828C121000,CALL,121.0,5.3,6.35,0.489118193,119.03
US.LULU260828C122000,CALL,122.0,4.7,7.6,0.474856294,119.03
US.LULU260828C123000,CALL,123.0,4.3,6.65,0.449629493,119.03
US.LULU260828C124000,CALL,124.0,3.95,6.25,0.428152612,119.03
US.LULU260828C125000,CALL,125.0,3.85,4.8,0.397470327,119.03
US.LULU260828C126000,CALL,126.0,3.55,4.45,0.375775902,119.03
US.LULU260828C127000,CALL,127.0,2.96,5.2,0.36596868,119.03
US.LULU260828C128000,CALL,128.0,2.5,4.85,0.342994905,119.03
US.LULU260828C130000,CALL,130.0,2.15,3.95,0.301702202,119.03
US.LULU260828C135000,CALL,135.0,1.65,2.05,0.209668508,119.03
US.LULU260828C140000,CALL,140.0,0.87,1.27,0.137210827,119.03
US.LULU260828C145000,CALL,145.0,0.49,1.1,0.102640288,119.03
US.LULU260828C150000,CALL,150.0,0.01,1.0,0.069271101,119.03
US.LULU260828C155000,CALL,155.0,0.09,0.32,0.033465292,119.03
US.LULU260828C160000,CALL,160.0,0.01,0.33,0.026900592,119.03
US.LULU260828C165000,CALL,165.0,0.01,1.17,0.062262378,119.03
US.LULU260828C75000,CALL,75.0,42.95,46.35,0.971035932,119.03
US.LULU260828C80000,CALL,80.0,37.95,41.35,0.968218295,119.03
US.LULU260828C85000,CALL,85.0,32.95,36.45,0.961544597,119.03
US.LULU260828C90000,CALL,90.0,28.7,31.3,0.937421173,119.03
US.LULU260828C95000,CALL,95.0,23.55,26.8,0.917424007,119.03
US.LULU260828C99000,CALL,99.0,20.45,22.95,0.877325985,119.03
US.LULU260828P100000,PUT,100.0,0.5,1.17,-0.097026418,119.03
US.LULU260828P101000,PUT,101.0,0.51,1.63,-0.115734813,119.03
US.LULU260828P102000,PUT,102.0,0.58,1.85,-0.12860206,119.03
US.LULU260828P103000,PUT,103.0,0.62,1.71,-0.130728976,119.03
US.LULU260828P104000,PUT,104.0,0.9,1.79,-0.146431862,119.03
US.LULU260828P105000,PUT,105.0,1.2,2.11,-0.168511657,119.03
US.LULU260828P106000,PUT,106.0,1.07,2.23,-0.175348414,119.03
US.LULU260828P107000,PUT,107.0,1.15,2.45,-0.190263636,119.03
US.LULU260828P108000,PUT,108.0,1.04,2.7,-0.202152898,119.03
US.LULU260828P109000,PUT,109.0,1.3,2.97,-0.223250365,119.03
US.LULU260828P110000,PUT,110.0,2.62,3.05,-0.258672896,119.03
US.LULU260828P111000,PUT,111.0,2.0,3.7,-0.271334649,119.03
US.LULU260828P112000,PUT,112.0,3.05,3.7,-0.298767756,119.03
US.LULU260828P113000,PUT,113.0,2.8,4.3,-0.31759489,119.03
US.LULU260828P114000,PUT,114.0,3.25,4.7,-0.342106844,119.03
US.LULU260828P115000,PUT,115.0,4.3,5.0,-0.369354347,119.03
US.LULU260828P116000,PUT,116.0,4.1,5.55,-0.390547418,119.03
US.LULU260828P117000,PUT,117.0,4.95,6.05,-0.416029581,119.03
US.LULU260828P118000,PUT,118.0,5.1,6.5,-0.43969057,119.03
US.LULU260828P119000,PUT,119.0,5.8,7.05,-0.463837469,119.03
US.LULU260828P120000,PUT,120.0,6.1,7.8,-0.487868752,119.03
US.LULU260828P121000,PUT,121.0,6.95,8.4,-0.510009201,119.03
US.LULU260828P122000,PUT,122.0,7.25,8.6,-0.537607606,119.03
US.LULU260828P123000,PUT,123.0,7.9,9.1,-0.562001693,119.03
US.LULU260828P124000,PUT,124.0,8.45,9.9,-0.584512041,119.03
US.LULU260828P125000,PUT,125.0,9.1,10.55,-0.607400943,119.03
US.LULU260828P126000,PUT,126.0,9.8,11.4,-0.626770056,119.03
US.LULU260828P127000,PUT,127.0,10.45,11.8,-0.653623526,119.03
US.LULU260828P128000,PUT,128.0,11.1,13.4,-0.660515165,119.03
US.LULU260828P130000,PUT,130.0,12.5,14.3,-0.712030439,119.03
US.LULU260828P135000,PUT,135.0,16.35,18.6,-0.794360772,119.03
US.LULU260828P140000,PUT,140.0,20.5,23.55,-0.845119076,119.03
US.LULU260828P145000,PUT,145.0,24.85,28.0,-0.907802808,119.03
US.LULU260828P150000,PUT,150.0,29.35,32.55,0.0,119.03
US.LULU260828P155000,PUT,155.0,34.05,37.35,0.0,119.03
US.LULU260828P160000,PUT,160.0,39.0,42.35,0.0,119.03
US.LULU260828P165000,PUT,165.0,44.0,47.8,0.0,119.03
US.LULU260828P75000,PUT,75.0,0.0,0.2,-0.00641412,119.03
US.LULU260828P80000,PUT,80.0,0.0,0.98,-0.012118946,119.03
US.LULU260828P85000,PUT,85.0,0.0,0.65,-0.021912143,119.03
US.LULU260828P90000,PUT,90.0,0.01,0.84,-0.045794812,119.03
US.LULU260828P95000,PUT,95.0,0.18,0.83,-0.059935862,119.03
US.LULU260828P99000,PUT,99.0,0.31,1.5,-0.098034277,119.03
US.LULU260904C100000,CALL,100.0,19.6,23.3,0.845392465,119.03
US.LULU260904C101000,CALL,101.0,18.85,22.5,0.832528512,119.03
US.LULU260904C102000,CALL,102.0,18.05,21.7,0.820456826,119.03
US.LULU260904C103000,CALL,103.0,17.1,20.95,0.809741977,119.03
US.LULU260904C104000,CALL,104.0,16.55,20.25,0.792367807,119.03
US.LULU260904C105000,CALL,105.0,15.8,19.5,0.778624021,119.03
US.LULU260904C106000,CALL,106.0,15.05,18.8,0.764159006,119.03
US.LULU260904C107000,CALL,107.0,14.35,18.05,0.749585512,119.03
US.LULU260904C108000,CALL,108.0,13.5,17.35,0.735818446,119.03
US.LULU260904C109000,CALL,109.0,13.0,16.7,0.718136456,119.03
US.LULU260904C110000,CALL,110.0,12.35,16.05,0.701904887,119.03
US.LULU260904C111000,CALL,111.0,11.75,15.45,0.684948224,119.03
US.LULU260904C112000,CALL,112.0,11.1,14.85,0.668311537,119.03
US.LULU260904C113000,CALL,113.0,10.5,14.25,0.651330987,119.03
US.LULU260904C114000,CALL,114.0,9.95,13.65,0.634086162,119.03
US.LULU260904C115000,CALL,115.0,9.2,13.05,0.61726335,119.03
US.LULU260904C116000,CALL,116.0,8.7,12.5,0.599469814,119.03
US.LULU260904C117000,CALL,117.0,8.2,12.0,0.581650321,119.03
US.LULU260904C118000,CALL,118.0,7.7,11.5,0.563853288,119.03
US.LULU260904C119000,CALL,119.0,6.9,11.05,0.54560591,119.03
US.LULU260904C120000,CALL,120.0,7.0,10.55,0.528947283,119.03
US.LULU260904C121000,CALL,121.0,6.55,10.1,0.511491997,119.03
US.LULU260904C122000,CALL,122.0,5.85,9.65,0.492833807,119.03
US.LULU260904C123000,CALL,123.0,5.45,9.25,0.47550111,119.03
US.LULU260904C124000,CALL,124.0,5.05,8.85,0.458170144,119.03
US.LULU260904C125000,CALL,125.0,4.7,8.45,0.441152787,119.03
US.LULU260904C126000,CALL,126.0,4.3,8.0,0.423251148,119.03
US.LULU260904C127000,CALL,127.0,3.65,7.75,0.404559151,119.03
US.LULU260904C130000,CALL,130.0,4.2,6.75,0.372788854,119.03
US.LULU260904C135000,CALL,135.0,2.13,5.45,0.292628121,119.03
US.LULU260904C140000,CALL,140.0,2.0,3.05,0.219895825,119.03
US.LULU260904C145000,CALL,145.0,0.63,2.29,0.148872598,119.03
US.LULU260904C150000,CALL,150.0,0.26,1.5,0.100165505,119.03
US.LULU260904C155000,CALL,155.0,0.08,2.14,0.107791243,119.03
US.LULU260904C160000,CALL,160.0,0.03,1.17,0.067048561,119.03
US.LULU260904C165000,CALL,165.0,0.01,1.5,0.073918477,119.03
US.LULU260904C75000,CALL,75.0,42.75,46.45,0.976868544,119.03
US.LULU260904C80000,CALL,80.0,37.5,41.5,0.982484886,119.03
US.LULU260904C85000,CALL,85.0,33.0,36.7,0.956207619,119.03
US.LULU260904C90000,CALL,90.0,28.35,31.95,0.932904869,119.03
US.LULU260904C95000,CALL,95.0,23.65,27.5,0.900352169,119.03
US.LULU260904C99000,CALL,99.0,20.45,24.1,0.856437839,119.03
US.LULU260904P100000,PUT,100.0,0.58,3.05,-0.146523692,119.03
US.LULU260904P101000,PUT,101.0,0.69,3.3,-0.158452101,119.03
US.LULU260904P102000,PUT,102.0,0.82,3.55,-0.170850844,119.03
US.LULU260904P103000,PUT,103.0,0.96,3.95,-0.185995238,119.03
US.LULU260904P104000,PUT,104.0,1.12,4.15,-0.198280904,119.03
US.LULU260904P105000,PUT,105.0,1.35,4.5,-0.213976216,119.03
US.LULU260904P106000,PUT,106.0,1.47,4.75,-0.22686493,119.03
US.LULU260904P107000,PUT,107.0,1.89,5.25,-0.246651676,119.03
US.LULU260904P108000,PUT,108.0,2.18,5.6,-0.262790702,119.03
US.LULU260904P109000,PUT,109.0,2.49,4.55,-0.264853311,119.03
US.LULU260904P110000,PUT,110.0,2.82,6.25,-0.295307727,119.03
US.LULU260904P111000,PUT,111.0,2.84,6.6,-0.309803727,119.03
US.LULU260904P112000,PUT,112.0,3.5,7.05,-0.329619002,119.03
US.LULU260904P113000,PUT,113.0,3.9,7.5,-0.347442169,119.03
US.LULU260904P114000,PUT,114.0,3.95,7.9,-0.363724743,119.03
US.LULU260904P115000,PUT,115.0,4.35,8.3,-0.381855643,119.03
US.LULU260904P116000,PUT,116.0,4.8,8.75,-0.400388699,119.03
US.LULU260904P117000,PUT,117.0,5.3,9.05,-0.418954023,119.03
US.LULU260904P118000,PUT,118.0,5.8,9.6,-0.437794191,119.03
US.LULU260904P119000,PUT,119.0,6.3,9.0,-0.458423463,119.03
US.LULU260904P120000,PUT,120.0,6.8,10.85,-0.474925385,119.03
US.LULU260904P121000,PUT,121.0,7.65,11.25,-0.492867059,119.03
US.LULU260904P122000,PUT,122.0,7.9,11.85,-0.512523936,119.03
US.LULU260904P123000,PUT,123.0,8.5,12.4,-0.531065146,119.03
US.LULU260904P124000,PUT,124.0,9.35,13.1,-0.546881067,119.03
US.LULU260904P125000,PUT,125.0,10.0,13.7,-0.564480342,119.03
US.LULU260904P126000,PUT,126.0,10.6,14.3,-0.582583186,119.03
US.LULU260904P127000,PUT,127.0,10.95,14.95,-0.603004119,119.03
US.LULU260904P130000,PUT,130.0,13.35,17.0,-0.649255552,119.03
US.LULU260904P135000,PUT,135.0,16.7,20.7,-0.732193523,119.03
US.LULU260904P140000,PUT,140.0,20.7,24.75,-0.799971094,119.03
US.LULU260904P145000,PUT,145.0,25.0,28.7,-0.868535505,119.03
US.LULU260904P150000,PUT,150.0,29.5,33.2,-0.920307819,119.03
US.LULU260904P155000,PUT,155.0,34.2,37.8,-0.97901213,119.03
US.LULU260904P160000,PUT,160.0,39.05,42.7,0.0,119.03
US.LULU260904P165000,PUT,165.0,44.0,47.7,0.0,119.03
US.LULU260904P75000,PUT,75.0,0.0,1.13,-0.005227068,119.03
US.LULU260904P80000,PUT,80.0,0.0,1.27,-0.013097839,119.03
US.LULU260904P85000,PUT,85.0,0.01,1.42,-0.055833161,119.03
US.LULU260904P90000,PUT,90.0,0.06,0.92,-0.050210826,119.03
US.LULU260904P95000,PUT,95.0,0.06,2.12,-0.095401034,119.03
US.LULU260904P99000,PUT,99.0,0.47,2.92,-0.137116204,119.03
US.LULU260918C100000,CALL,100.0,21.75,24.1,0.808667445,119.03
US.LULU260918C105000,CALL,105.0,17.95,19.65,0.758502142,119.03
US.LULU260918C110000,CALL,110.0,14.7,15.95,0.691205707,119.03
US.LULU260918C115000,CALL,115.0,11.85,12.45,0.616158828,119.03
US.LULU260918C120000,CALL,120.0,9.15,10.0,0.535486145,119.03
US.LULU260918C125000,CALL,125.0,7.3,7.75,0.456396529,119.03
US.LULU260918C130000,CALL,130.0,5.45,6.0,0.37972063,119.03
US.LULU260918C135000,CALL,135.0,4.1,4.7,0.312370875,119.03
US.LULU260918C140000,CALL,140.0,3.3,3.6,0.256842226,119.03
US.LULU260918C145000,CALL,145.0,2.38,2.75,0.204299912,119.03
US.LULU260918C150000,CALL,150.0,1.76,2.02,0.160208295,119.03
US.LULU260918C155000,CALL,155.0,1.16,1.6,0.123958833,119.03
US.LULU260918C160000,CALL,160.0,0.98,1.22,0.10086573,119.03
US.LULU260918C165000,CALL,165.0,0.75,1.02,0.082539502,119.03
US.LULU260918C75000,CALL,75.0,43.5,46.15,0.970632083,119.03
US.LULU260918C80000,CALL,80.0,39.4,41.85,0.933397715,119.03
US.LULU260918C85000,CALL,85.0,33.8,37.15,0.931828877,119.03
US.LULU260918C90000,CALL,90.0,29.65,32.2,0.904588276,119.03
US.LULU260918C95000,CALL,95.0,25.3,28.2,0.861980762,119.03
US.LULU260918P100000,PUT,100.0,2.01,2.62,-0.163552842,119.03
US.LULU260918P105000,PUT,105.0,3.4,3.95,-0.231294114,119.03
US.LULU260918P110000,PUT,110.0,4.7,6.15,-0.306228806,119.03
US.LULU260918P115000,PUT,115.0,7.2,7.75,-0.384955842,119.03
US.LULU260918P120000,PUT,120.0,8.5,10.2,-0.469315892,119.03
US.LULU260918P125000,PUT,125.0,12.35,13.8,-0.543449763,119.03
US.LULU260918P130000,PUT,130.0,15.65,17.75,-0.610522751,119.03
US.LULU260918P135000,PUT,135.0,19.25,20.05,-0.694603616,119.03
US.LULU260918P140000,PUT,140.0,22.05,24.3,-0.773205787,119.03
US.LULU260918P145000,PUT,145.0,26.05,29.05,-0.820304423,119.03
US.LULU260918P150000,PUT,150.0,30.4,33.0,-0.884470365,119.03
US.LULU260918P155000,PUT,155.0,35.1,37.65,-0.919171506,119.03
US.LULU260918P160000,PUT,160.0,39.8,41.9,0.0,119.03
US.LULU260918P165000,PUT,165.0,44.4,46.7,0.0,119.03
US.LULU260918P75000,PUT,75.0,0.01,0.77,-0.029070097,119.03
US.LULU260918P80000,PUT,80.0,0.1,0.65,-0.031928663,119.03
US.LULU260918P85000,PUT,85.0,0.42,1.18,-0.05973009,119.03
US.LULU260918P90000,PUT,90.0,0.82,1.01,-0.074129996,119.03
US.LULU260918P95000,PUT,95.0,0.8,1.7,-0.102621676,119.03
US.LULU261120C100000,CALL,100.0,24.4,26.9,0.777512913,119.03
US.LULU261120C105000,CALL,105.0,21.45,22.85,0.729512767,119.03
US.LULU261120C110000,CALL,110.0,18.3,20.9,0.673693507,119.03
US.LULU261120C115000,CALL,115.0,15.3,17.05,0.619890344,119.03
US.LULU261120C120000,CALL,120.0,13.1,14.55,0.56250292,119.03
US.LULU261120C125000,CALL,125.0,10.9,12.6,0.50618208,119.03
US.LULU261120C130000,CALL,130.0,9.6,10.05,0.450579086,119.03
US.LULU261120C135000,CALL,135.0,8.05,8.45,0.398679392,119.03
US.LULU261120C140000,CALL,140.0,6.65,7.0,0.348816925,119.03
US.LULU261120C145000,CALL,145.0,4.7,5.85,0.294354984,119.03
US.LULU261120C150000,CALL,150.0,3.65,5.55,0.260656142,119.03
US.LULU261120C155000,CALL,155.0,2.73,4.45,0.217766563,119.03
US.LULU261120C160000,CALL,160.0,2.16,3.95,0.189644249,119.03
US.LULU261120C165000,CALL,165.0,1.51,3.15,0.154604891,119.03
US.LULU261120C75000,CALL,75.0,44.65,47.35,0.944088642,119.03
US.LULU261120C80000,CALL,80.0,39.9,43.4,0.919203998,119.03
US.LULU261120C85000,CALL,85.0,35.35,38.5,0.903067142,119.03
US.LULU261120C90000,CALL,90.0,32.05,34.5,0.858738924,119.03
US.LULU261120C95000,CALL,95.0,28.15,31.0,0.817273248,119.03
US.LULU261120P100000,PUT,100.0,4.75,5.15,-0.216878263,119.03
US.LULU261120P105000,PUT,105.0,5.9,6.75,-0.266623976,119.03
US.LULU261120P110000,PUT,110.0,8.3,8.75,-0.325057224,119.03
US.LULU261120P115000,PUT,115.0,10.5,11.0,-0.383063778,119.03
US.LULU261120P120000,PUT,120.0,13.05,13.5,-0.442072343,119.03
US.LULU261120P125000,PUT,125.0,15.8,16.3,-0.501192267,119.03
US.LULU261120P130000,PUT,130.0,18.55,19.85,-0.558048087,119.03
US.LULU261120P135000,PUT,135.0,21.9,23.15,-0.613629935,119.03
US.LULU261120P140000,PUT,140.0,24.8,27.35,-0.666858059,119.03
US.LULU261120P145000,PUT,145.0,28.65,31.85,-0.70607614,119.03
US.LULU261120P150000,PUT,150.0,32.5,34.85,-0.76892111,119.03
US.LULU261120P155000,PUT,155.0,36.8,39.2,-0.806288028,119.03
US.LULU261120P160000,PUT,160.0,41.1,44.45,-0.82484151,119.03
US.LULU261120P165000,PUT,165.0,45.3,47.85,-0.898519004,119.03
US.LULU261120P75000,PUT,75.0,0.3,1.01,-0.040758696,119.03
US.LULU261120P80000,PUT,80.0,0.91,1.46,-0.066361582,119.03
US.LULU261120P85000,PUT,85.0,0.47,2.64,-0.087409219,119.03
US.LULU261120P90000,PUT,90.0,1.64,3.8,-0.131869464,119.03
US.LULU261120P95000,PUT,95.0,3.4,3.75,-0.168707466,119.03
US.PEP260731C100000,CALL,100.0,41.6,45.45,0.998769361,143.5
US.PEP260731C105000,CALL,105.0,36.6,40.45,0.998779938,143.5
US.PEP260731C110000,CALL,110.0,31.7,35.45,0.990642549,143.5
US.PEP260731C115000,CALL,115.0,26.6,30.5,0.993466386,143.5
US.PEP260731C120000,CALL,120.0,21.6,25.0,0.0,143.5
US.PEP260731C122000,CALL,122.0,20.6,23.4,0.934741873,143.5
US.PEP260731C123000,CALL,123.0,19.1,22.4,0.958715377,143.5
US.PEP260731C124000,CALL,124.0,17.6,21.0,0.0,143.5
US.PEP260731C125000,CALL,125.0,17.1,20.0,0.990870694,143.5
US.PEP260731C126000,CALL,126.0,16.1,19.0,0.990473898,143.5
US.PEP260731C127000,CALL,127.0,15.15,17.55,0.0,143.5
US.PEP260731C128000,CALL,128.0,14.1,17.25,0.961296864,143.5
US.PEP260731C129000,CALL,129.0,13.45,15.7,0.981520533,143.5
US.PEP260731C130000,CALL,130.0,12.25,15.25,0.943523778,143.5
US.PEP260731C131000,CALL,131.0,11.2,13.55,0.0,143.5
US.PEP260731C132000,CALL,132.0,10.45,12.75,0.970304817,143.5
US.PEP260731C133000,CALL,133.0,8.6,11.75,0.0,143.5
US.PEP260731C134000,CALL,134.0,8.45,10.7,0.974490499,143.5
US.PEP260731C135000,CALL,135.0,7.65,9.7,0.940149804,143.5
US.PEP260731C136000,CALL,136.0,6.2,8.7,0.0,143.5
US.PEP260731C137000,CALL,137.0,5.4,7.75,0.966262921,143.5
US.PEP260731C138000,CALL,138.0,4.6,6.8,0.911667458,143.5
US.PEP260731C139000,CALL,139.0,3.8,5.55,0.908832722,143.5
US.PEP260731C140000,CALL,140.0,3.25,4.1,0.893561185,143.5
US.PEP260731C141000,CALL,141.0,2.51,3.4,0.779842808,143.5
US.PEP260731C142000,CALL,142.0,1.83,3.4,0.642081955,143.5
US.PEP260731C143000,CALL,143.0,1.25,1.77,0.572131473,143.5
US.PEP260731C144000,CALL,144.0,0.78,1.46,0.448773445,143.5
US.PEP260731C145000,CALL,145.0,0.55,0.93,0.336037129,143.5
US.PEP260731C146000,CALL,146.0,0.23,0.68,0.235217857,143.5
US.PEP260731C147000,CALL,147.0,0.18,0.4,0.16177524,143.5
US.PEP260731C148000,CALL,148.0,0.06,0.2,0.08803726,143.5
US.PEP260731C149000,CALL,149.0,0.01,0.53,0.121925021,143.5
US.PEP260731C150000,CALL,150.0,0.0,0.1,0.010744493,143.5
US.PEP260731C152500,CALL,152.5,0.0,0.05,0.028859902,143.5
US.PEP260731C155000,CALL,155.0,0.0,0.11,0.006940124,143.5
US.PEP260731C157500,CALL,157.5,0.0,0.01,0.005972061,143.5
US.PEP260731C160000,CALL,160.0,0.0,0.01,0.005270596,143.5
US.PEP260731C162500,CALL,162.5,0.0,2.13,0.003942871,143.5
US.PEP260731C165000,CALL,165.0,0.0,0.01,0.001442035,143.5
US.PEP260731C167500,CALL,167.5,0.0,2.13,0.029937045,143.5
US.PEP260731C170000,CALL,170.0,0.0,0.01,0.000181006,143.5
US.PEP260731C175000,CALL,175.0,0.0,0.13,0.02793206,143.5
US.PEP260731C180000,CALL,180.0,0.0,0.09,0.029160963,143.5
US.PEP260731C185000,CALL,185.0,0.0,0.09,0.025799047,143.5
US.PEP260731C190000,CALL,190.0,0.0,0.09,0.028212524,143.5
US.PEP260731C195000,CALL,195.0,0.0,0.09,0.026539781,143.5
US.PEP260731C200000,CALL,200.0,0.0,0.01,3.7598e-05,143.5
US.PEP260731C90000,CALL,90.0,51.6,55.45,0.998779163,143.5
US.PEP260731C95000,CALL,95.0,47.5,49.95,0.982049463,143.5
US.PEP260731P100000,PUT,100.0,0.0,0.2,-3.2749e-05,143.5
US.PEP260731P105000,PUT,105.0,0.0,0.1,-0.013096585,143.5
US.PEP260731P110000,PUT,110.0,0.0,2.13,-0.004217471,143.5
US.PEP260731P115000,PUT,115.0,0.0,0.1,-0.003181054,143.5
US.PEP260731P120000,PUT,120.0,0.0,0.01,-0.005313055,143.5
US.PEP260731P122000,PUT,122.0,0.0,2.13,-0.00635623,143.5
US.PEP260731P123000,PUT,123.0,0.0,2.13,-0.006950243,143.5
US.PEP260731P124000,PUT,124.0,0.0,0.06,-0.007591837,143.5
US.PEP260731P125000,PUT,125.0,0.0,0.05,-0.00828781,143.5
US.PEP260731P126000,PUT,126.0,0.0,0.06,-0.00904638,143.5
US.PEP260731P127000,PUT,127.0,0.0,0.06,-0.009877592,143.5
US.PEP260731P128000,PUT,128.0,0.0,0.01,-0.004877164,143.5
US.PEP260731P129000,PUT,129.0,0.0,0.05,-0.005169865,143.5
US.PEP260731P130000,PUT,130.0,0.0,0.06,-0.005500357,143.5
US.PEP260731P131000,PUT,131.0,0.0,0.05,-0.005877007,143.5
US.PEP260731P132000,PUT,132.0,0.0,0.05,-0.010933098,143.5
US.PEP260731P133000,PUT,133.0,0.01,0.05,-0.01610508,143.5
US.PEP260731P134000,PUT,134.0,0.0,0.05,-0.012788697,143.5
US.PEP260731P135000,PUT,135.0,0.01,0.13,-0.035476915,143.5
US.PEP260731P136000,PUT,136.0,0.02,0.36,-0.076134705,143.5
US.PEP260731P137000,PUT,137.0,0.01,0.29,-0.072046712,143.5
US.PEP260731P138000,PUT,138.0,0.0,0.8,-0.061925305,143.5
US.PEP260731P139000,PUT,139.0,0.01,0.53,-0.129284935,143.5
US.PEP260731P140000,PUT,140.0,0.14,0.35,-0.141341726,143.5
US.PEP260731P141000,PUT,141.0,0.0,0.65,-0.220518911,143.5
US.PEP260731P142000,PUT,142.0,0.38,1.11,-0.324719393,143.5
US.PEP260731P143000,PUT,143.0,0.68,1.1,-0.422814438,143.5
US.PEP260731P144000,PUT,144.0,1.12,2.02,-0.552642705,143.5
US.PEP260731P145000,PUT,145.0,1.56,3.05,-0.653097523,143.5
US.PEP260731P146000,PUT,146.0,2.1,4.05,-0.736706584,143.5
US.PEP260731P147000,PUT,147.0,3.0,4.55,-0.836298034,143.5
US.PEP260731P148000,PUT,148.0,3.6,5.7,-0.896081362,143.5
US.PEP260731P149000,PUT,149.0,4.45,6.65,-0.950565349,143.5
US.PEP260731P150000,PUT,150.0,5.55,7.5,-0.970164353,143.5
US.PEP260731P152500,PUT,152.5,8.0,10.4,-0.919119555,143.5
US.PEP260731P155000,PUT,155.0,10.35,12.7,-0.980079155,143.5
US.PEP260731P157500,PUT,157.5,12.85,15.05,0.0,143.5
US.PEP260731P160000,PUT,160.0,14.85,18.3,-0.969940459,143.5
US.PEP260731P162500,PUT,162.5,17.35,20.4,0.0,143.5
US.PEP260731P165000,PUT,165.0,20.1,22.9,-0.999999999,143.5
US.PEP260731P167500,PUT,167.5,22.9,25.45,-0.959466319,143.5
US.PEP260731P170000,PUT,170.0,25.35,28.45,-0.93467962,143.5
US.PEP260731P175000,PUT,175.0,29.85,33.1,0.0,143.5
US.PEP260731P180000,PUT,180.0,34.85,37.7,0.0,143.5
US.PEP260731P185000,PUT,185.0,39.85,42.7,0.0,143.5
US.PEP260731P190000,PUT,190.0,44.85,47.7,0.0,143.5
US.PEP260731P195000,PUT,195.0,49.85,52.7,0.0,143.5
US.PEP260731P200000,PUT,200.0,54.9,57.9,0.0,143.5
US.PEP260731P90000,PUT,90.0,0.0,0.01,-2.5822e-05,143.5
US.PEP260731P95000,PUT,95.0,0.0,0.2,-2.896e-05,143.5
US.PEP260807C100000,CALL,100.0,41.7,45.5,0.998543075,143.5
US.PEP260807C105000,CALL,105.0,36.7,40.55,0.995180666,143.5
US.PEP260807C110000,CALL,110.0,31.75,35.3,0.0,143.5
US.PEP260807C115000,CALL,115.0,27.2,30.35,0.974594777,143.5
US.PEP260807C120000,CALL,120.0,22.2,25.35,0.970669323,143.5
US.PEP260807C122000,CALL,122.0,20.45,23.3,0.956227762,143.5
US.PEP260807C123000,CALL,123.0,18.7,22.35,0.0,143.5
US.PEP260807C124000,CALL,124.0,17.7,21.1,0.0,143.5
US.PEP260807C125000,CALL,125.0,17.5,20.1,0.961360516,143.5
US.PEP260807C126000,CALL,126.0,16.5,19.05,0.963701756,143.5
US.PEP260807C127000,CALL,127.0,14.75,18.4,0.0,143.5
US.PEP260807C128000,CALL,128.0,14.25,17.4,0.952143323,143.5
US.PEP260807C129000,CALL,129.0,13.25,16.15,0.974047769,143.5
US.PEP260807C130000,CALL,130.0,12.45,15.35,0.935256959,143.5
US.PEP260807C131000,CALL,131.0,10.75,14.35,0.0,143.5
US.PEP260807C132000,CALL,132.0,9.8,13.2,0.0,143.5
US.PEP260807C133000,CALL,133.0,8.8,12.45,0.998068133,143.5
US.PEP260807C134000,CALL,134.0,8.7,10.9,0.938778886,143.5
US.PEP260807C135000,CALL,135.0,7.55,9.95,0.947293431,143.5
US.PEP260807C136000,CALL,136.0,6.95,9.05,0.886090775,143.5
US.PEP260807C137000,CALL,137.0,6.3,8.55,0.816184647,143.5
US.PEP260807C138000,CALL,138.0,5.05,7.1,0.849815026,143.5
US.PEP260807C139000,CALL,139.0,4.2,6.3,0.804267538,143.5
US.PEP260807C140000,CALL,140.0,3.8,5.2,0.748109829,143.5
US.PEP260807C141000,CALL,141.0,3.15,4.15,0.699835222,143.5
US.PEP260807C142000,CALL,142.0,3.1,3.55,0.614043583,143.5
US.PEP260807C143000,CALL,143.0,2.31,2.96,0.551541849,143.5
US.PEP260807C144000,CALL,144.0,1.93,2.43,0.48345405,143.5
US.PEP260807C145000,CALL,145.0,1.49,2.08,0.418583092,143.5
US.PEP260807C146000,CALL,146.0,1.23,1.53,0.353385026,143.5
US.PEP260807C147000,CALL,147.0,0.69,1.39,0.290779653,143.5
US.PEP260807C148000,CALL,148.0,0.52,1.07,0.236912328,143.5
US.PEP260807C149000,CALL,149.0,0.5,0.76,0.194428342,143.5
US.PEP260807C150000,CALL,150.0,0.18,0.8,0.157240389,143.5
US.PEP260807C152500,CALL,152.5,0.17,0.45,0.100776556,143.5
US.PEP260807C155000,CALL,155.0,0.0,0.3,0.067661656,143.5
US.PEP260807C157500,CALL,157.5,0.01,0.53,0.070791803,143.5
US.PEP260807C160000,CALL,160.0,0.04,2.04,0.148362667,143.5
US.PEP260807C162500,CALL,162.5,0.0,2.14,0.002455339,143.5
US.PEP260807C165000,CALL,165.0,0.0,0.07,0.000825468,143.5
US.PEP260807C167500,CALL,167.5,0.0,2.13,0.000253686,143.5
US.PEP260807C170000,CALL,170.0,0.0,2.13,6.8281e-05,143.5
US.PEP260807C175000,CALL,175.0,0.0,2.13,5.9359e-05,143.5
US.PEP260807C180000,CALL,180.0,0.0,2.13,5.2774e-05,143.5
US.PEP260807C185000,CALL,185.0,0.0,2.13,4.7707e-05,143.5
US.PEP260807C190000,CALL,190.0,0.0,2.13,4.3679e-05,143.5
US.PEP260807C195000,CALL,195.0,0.0,2.13,4.0398e-05,143.5
US.PEP260807C200000,CALL,200.0,0.0,2.13,3.7671e-05,143.5
US.PEP260807C90000,CALL,90.0,51.65,55.6,0.995296991,143.5
US.PEP260807C95000,CALL,95.0,46.7,50.65,0.990670927,143.5
US.PEP260807P100000,PUT,100.0,0.0,0.2,-3.0818e-05,143.5
US.PEP260807P105000,PUT,105.0,0.0,2.13,-3.5015e-05,143.5
US.PEP260807P110000,PUT,110.0,0.0,0.99,-4.0292e-05,143.5
US.PEP260807P115000,PUT,115.0,0.0,0.15,-4.7154e-05,143.5
US.PEP260807P120000,PUT,120.0,0.0,0.53,-0.000158847,143.5
US.PEP260807P122000,PUT,122.0,0.0,2.13,-0.000508748,143.5
US.PEP260807P123000,PUT,123.0,0.0,2.13,-0.000930652,143.5
US.PEP260807P124000,PUT,124.0,0.0,2.13,-0.001603849,143.5
US.PEP260807P125000,PUT,125.0,0.0,0.15,-0.021137034,143.5
US.PEP260807P126000,PUT,126.0,0.0,0.17,-0.004416735,143.5
US.PEP260807P127000,PUT,127.0,0.0,0.75,-0.006995246,143.5
US.PEP260807P128000,PUT,128.0,0.0,2.14,-0.010752048,143.5
US.PEP260807P129000,PUT,129.0,0.0,0.06,-0.016153159,143.5
US.PEP260807P130000,PUT,130.0,0.01,0.08,-0.017751493,143.5
US.PEP260807P131000,PUT,131.0,0.0,0.14,-0.020439074,143.5
US.PEP260807P132000,PUT,132.0,0.0,0.15,-0.024988186,143.5
US.PEP260807P133000,PUT,133.0,0.06,0.34,-0.062039812,143.5
US.PEP260807P134000,PUT,134.0,0.06,0.47,-0.079601852,143.5
US.PEP260807P135000,PUT,135.0,0.07,0.49,-0.088613404,143.5
US.PEP260807P136000,PUT,136.0,0.0,1.03,-0.091773173,143.5
US.PEP260807P137000,PUT,137.0,0.06,2.21,-0.215472598,143.5
US.PEP260807P138000,PUT,138.0,0.32,0.7,-0.160788821,143.5
US.PEP260807P139000,PUT,139.0,0.23,1.23,-0.21063907,143.5
US.PEP260807P140000,PUT,140.0,0.8,1.36,-0.272953253,143.5
US.PEP260807P141000,PUT,141.0,0.98,1.57,-0.32129922,143.5
US.PEP260807P142000,PUT,142.0,1.22,1.85,-0.379685288,143.5
US.PEP260807P143000,PUT,143.0,1.66,2.29,-0.449019904,143.5
US.PEP260807P144000,PUT,144.0,2.09,2.96,-0.518265525,143.5
US.PEP260807P145000,PUT,145.0,2.65,3.35,-0.590212218,143.5
US.PEP260807P146000,PUT,146.0,3.35,4.05,-0.652776821,143.5
US.PEP260807P147000,PUT,147.0,3.75,4.75,-0.731183212,143.5
US.PEP260807P148000,PUT,148.0,4.85,5.9,-0.741946578,143.5
US.PEP260807P149000,PUT,149.0,4.95,6.9,-0.824479453,143.5
US.PEP260807P150000,PUT,150.0,5.8,8.15,-0.830154459,143.5
US.PEP260807P152500,PUT,152.5,8.1,10.55,-0.880523611,143.5
US.PEP260807P155000,PUT,155.0,9.85,12.65,0.0,143.5
US.PEP260807P157500,PUT,157.5,12.1,15.8,0.0,143.5
US.PEP260807P160000,PUT,160.0,15.35,18.05,-0.934631605,143.5
US.PEP260807P162500,PUT,162.5,17.3,20.6,0.0,143.5
US.PEP260807P165000,PUT,165.0,19.7,23.15,0.0,143.5
US.PEP260807P167500,PUT,167.5,22.3,25.55,0.0,143.5
US.PEP260807P170000,PUT,170.0,24.85,28.45,-0.958020891,143.5
US.PEP260807P175000,PUT,175.0,30.35,33.45,-0.933920762,143.5
US.PEP260807P180000,PUT,180.0,34.85,38.2,-0.986789484,143.5
US.PEP260807P185000,PUT,185.0,40.35,43.2,-0.954381154,143.5
US.PEP260807P190000,PUT,190.0,45.2,48.05,-0.972775034,143.5
US.PEP260807P195000,PUT,195.0,49.8,53.1,0.0,143.5
US.PEP260807P200000,PUT,200.0,55.35,58.05,-0.968002839,143.5
US.PEP260807P90000,PUT,90.0,0.0,0.2,-2.4523e-05,143.5
US.PEP260807P95000,PUT,95.0,0.0,0.2,-2.7387e-05,143.5
US.PEP260814C100000,CALL,100.0,42.2,45.7,0.974921892,143.5
US.PEP260814C105000,CALL,105.0,37.3,40.5,0.97611903,143.5
US.PEP260814C110000,CALL,110.0,32.55,35.55,0.961846743,143.5
US.PEP260814C115000,CALL,115.0,27.3,30.4,0.975711758,143.5
US.PEP260814C120000,CALL,120.0,22.55,25.5,0.95286402,143.5
US.PEP260814C122000,CALL,122.0,20.35,23.6,0.955212061,143.5
US.PEP260814C123000,CALL,123.0,19.3,22.25,0.982317914,143.5
US.PEP260814C124000,CALL,124.0,18.35,21.25,0.977218656,143.5
US.PEP260814C125000,CALL,125.0,17.7,20.25,0.95033715,143.5
US.PEP260814C126000,CALL,126.0,16.7,19.25,0.948429584,143.5
US.PEP260814C127000,CALL,127.0,15.4,18.3,0.965474307,143.5
US.PEP260814C128000,CALL,128.0,14.35,17.3,0.968844749,143.5
US.PEP260814C129000,CALL,129.0,12.95,16.3,0.0,143.5
US.PEP260814C130000,CALL,130.0,12.45,15.35,0.951204976,143.5
US.PEP260814C131000,CALL,131.0,11.0,14.0,0.0,143.5
US.PEP260814C132000,CALL,132.0,10.4,13.05,0.995875302,143.5
US.PEP260814C133000,CALL,133.0,9.6,12.1,0.954019844,143.5
US.PEP260814C134000,CALL,134.0,9.0,11.2,0.901775464,143.5
US.PEP260814C135000,CALL,135.0,8.0,10.35,0.88334618,143.5
US.PEP260814C136000,CALL,136.0,7.3,9.4,0.850303788,143.5
US.PEP260814C137000,CALL,137.0,6.75,8.3,0.817688958,143.5
US.PEP260814C138000,CALL,138.0,5.95,7.6,0.777429849,143.5
US.PEP260814C139000,CALL,139.0,5.65,6.25,0.743197044,143.5
US.PEP260814C140000,CALL,140.0,4.7,6.0,0.69228772,143.5
US.PEP260814C141000,CALL,141.0,4.25,4.8,0.653436349,143.5
US.PEP260814C142000,CALL,142.0,3.15,4.3,0.608028503,143.5
US.PEP260814C143000,CALL,143.0,2.78,3.9,0.549877919,143.5
US.PEP260814C144000,CALL,144.0,2.57,3.1,0.496297827,143.5
US.PEP260814C145000,CALL,145.0,2.04,2.62,0.441608518,143.5
US.PEP260814C146000,CALL,146.0,1.82,2.37,0.395773196,143.5
US.PEP260814C147000,CALL,147.0,1.46,1.9,0.343889061,143.5
US.PEP260814C148000,CALL,148.0,1.09,1.55,0.292993021,143.5
US.PEP260814C149000,CALL,149.0,0.92,1.3,0.253746129,143.5
US.PEP260814C150000,CALL,150.0,0.74,1.05,0.214807599,143.5
US.PEP260814C152500,CALL,152.5,0.23,1.14,0.160542131,143.5
US.PEP260814C155000,CALL,155.0,0.0,0.59,0.12192442,143.5
US.PEP260814C157500,CALL,157.5,0.0,2.31,0.067765954,143.5
US.PEP260814C160000,CALL,160.0,0.0,1.0,0.05940727,143.5
US.PEP260814C162500,CALL,162.5,0.0,2.2,0.052724974,143.5
US.PEP260814C165000,CALL,165.0,0.0,0.65,0.047201634,143.5
US.PEP260814C167500,CALL,167.5,0.0,2.16,0.042524422,143.5
US.PEP260814C170000,CALL,170.0,0.0,2.15,0.038485262,143.5
US.PEP260814C175000,CALL,175.0,0.0,2.14,0.03178502,143.5
US.PEP260814C180000,CALL,180.0,0.0,2.13,0.026359199,143.5
US.PEP260814C185000,CALL,185.0,0.0,2.13,0.021787731,143.5
US.PEP260814C190000,CALL,190.0,0.0,2.13,0.017810305,143.5
US.PEP260814C195000,CALL,195.0,0.0,2.13,0.014239873,143.5
US.PEP260814C200000,CALL,200.0,0.0,2.13,0.010972053,143.5
US.PEP260814C90000,CALL,90.0,51.75,55.6,0.996835896,143.5
US.PEP260814C95000,CALL,95.0,46.75,50.7,0.992381653,143.5
US.PEP260814P100000,PUT,100.0,0.0,2.13,-0.000107394,143.5
US.PEP260814P105000,PUT,105.0,0.0,2.13,-0.000695061,143.5
US.PEP260814P110000,PUT,110.0,0.0,0.65,-0.004012755,143.5
US.PEP260814P115000,PUT,115.0,0.01,0.07,-0.008495968,143.5
US.PEP260814P120000,PUT,120.0,0.0,0.12,-0.018095304,143.5
US.PEP260814P122000,PUT,122.0,0.0,0.18,-0.024018312,143.5
US.PEP260814P123000,PUT,123.0,0.0,2.15,-0.027687596,143.5
US.PEP260814P124000,PUT,124.0,0.0,0.2,-0.014112512,143.5
US.PEP260814P125000,PUT,125.0,0.03,0.13,-0.021034966,143.5
US.PEP260814P126000,PUT,126.0,0.0,0.15,-0.041786588,143.5
US.PEP260814P127000,PUT,127.0,0.01,0.45,-0.048853855,143.5
US.PEP260814P128000,PUT,128.0,0.0,2.19,-0.052989142,143.5
US.PEP260814P129000,PUT,129.0,0.04,0.15,-0.028992359,143.5
US.PEP260814P130000,PUT,130.0,0.08,0.2,-0.04034896,143.5
US.PEP260814P131000,PUT,131.0,0.16,0.86,-0.098568576,143.5
US.PEP260814P132000,PUT,132.0,0.05,1.25,-0.119482757,143.5
US.PEP260814P133000,PUT,133.0,0.0,0.81,-0.065601839,143.5
US.PEP260814P134000,PUT,134.0,0.04,0.87,-0.109639312,143.5
US.PEP260814P135000,PUT,135.0,0.3,0.63,-0.118762063,143.5
US.PEP260814P136000,PUT,136.0,0.46,0.96,-0.160063705,143.5
US.PEP260814P137000,PUT,137.0,0.27,0.81,-0.150160393,143.5
US.PEP260814P138000,PUT,138.0,0.72,1.0,-0.20478712,143.5
US.PEP260814P139000,PUT,139.0,1.06,1.25,-0.252080146,143.5
US.PEP260814P140000,PUT,140.0,1.33,1.54,-0.297345747,143.5
US.PEP260814P141000,PUT,141.0,1.65,1.93,-0.347415798,143.5
US.PEP260814P142000,PUT,142.0,1.82,2.31,-0.395622389,143.5
US.PEP260814P143000,PUT,143.0,2.28,2.73,-0.450878039,143.5
US.PEP260814P144000,PUT,144.0,2.84,3.25,-0.506471516,143.5
US.PEP260814P145000,PUT,145.0,3.2,3.9,-0.562703756,143.5
US.PEP260814P146000,PUT,146.0,3.6,4.4,-0.625481124,143.5
US.PEP260814P147000,PUT,147.0,4.3,6.3,-0.64039668,143.5
US.PEP260814P148000,PUT,148.0,5.05,6.25,-0.707589466,143.5
US.PEP260814P149000,PUT,149.0,6.0,7.5,-0.720008043,143.5
US.PEP260814P150000,PUT,150.0,6.65,8.25,-0.76273409,143.5
US.PEP260814P152500,PUT,152.5,8.3,10.7,-0.844286469,143.5
US.PEP260814P155000,PUT,155.0,10.6,12.7,-0.922783389,143.5
US.PEP260814P157500,PUT,157.5,12.85,15.1,0.0,143.5
US.PEP260814P160000,PUT,160.0,14.55,18.45,-0.999999999,143.5
US.PEP260814P162500,PUT,162.5,17.8,20.7,-0.92613658,143.5
US.PEP260814P165000,PUT,165.0,19.7,23.25,0.0,143.5
US.PEP260814P167500,PUT,167.5,22.1,25.7,0.0,143.5
US.PEP260814P170000,PUT,170.0,25.3,28.25,-0.935887028,143.5
US.PEP260814P175000,PUT,175.0,30.3,33.45,-0.931340577,143.5
US.PEP260814P180000,PUT,180.0,35.3,38.2,-0.949097055,143.5
US.PEP260814P185000,PUT,185.0,39.6,43.45,-0.985694671,143.5
US.PEP260814P190000,PUT,190.0,45.3,48.4,-0.946360375,143.5
US.PEP260814P195000,PUT,195.0,49.6,53.15,0.0,143.5
US.PEP260814P200000,PUT,200.0,54.6,58.3,0.0,143.5
US.PEP260814P90000,PUT,90.0,0.0,2.13,-2.2807e-05,143.5
US.PEP260814P95000,PUT,95.0,0.0,2.13,-2.5322e-05,143.5
US.PEP260821C100000,CALL,100.0,42.35,44.95,0.0,143.5
US.PEP260821C105000,CALL,105.0,36.85,40.6,0.0,143.5
US.PEP260821C110000,CALL,110.0,31.9,35.05,0.0,143.5
US.PEP260821C115000,CALL,115.0,26.9,30.5,0.0,143.5
US.PEP260821C120000,CALL,120.0,22.4,25.05,0.0,143.5
US.PEP260821C123000,CALL,123.0,18.95,22.6,0.0,143.5
US.PEP260821C124000,CALL,124.0,18.6,21.55,0.951205986,143.5
US.PEP260821C125000,CALL,125.0,17.65,20.4,0.955924378,143.5
US.PEP260821C126000,CALL,126.0,16.8,19.6,0.933046696,143.5
US.PEP260821C127000,CALL,127.0,15.55,18.1,0.991750152,143.5
US.PEP260821C128000,CALL,128.0,14.8,17.15,0.95878574,143.5
US.PEP260821C129000,CALL,129.0,14.0,16.1,0.94476744,143.5
US.PEP260821C130000,CALL,130.0,13.1,15.25,0.924205483,143.5
US.PEP260821C131000,CALL,131.0,11.95,14.25,0.931377742,143.5
US.PEP260821C132000,CALL,132.0,10.8,13.55,0.916301031,143.5
US.PEP260821C133000,CALL,133.0,10.55,12.55,0.866147999,143.5
US.PEP260821C134000,CALL,134.0,9.65,11.7,0.846362891,143.5
US.PEP260821C135000,CALL,135.0,8.2,10.8,0.855238031,143.5
US.PEP260821C136000,CALL,136.0,7.95,9.2,0.836820639,143.5
US.PEP260821C137000,CALL,137.0,6.6,9.1,0.797174548,143.5
US.PEP260821C138000,CALL,138.0,6.35,7.8,0.76295007,143.5
US.PEP260821C139000,CALL,139.0,5.65,7.05,0.724733206,143.5
US.PEP260821C140000,CALL,140.0,5.05,6.4,0.681130732,143.5
US.PEP260821C141000,CALL,141.0,4.5,5.65,0.639268538,143.5
US.PEP260821C142000,CALL,142.0,4.2,4.7,0.595973253,143.5
US.PEP260821C143000,CALL,143.0,3.65,4.15,0.550675823,143.5
US.PEP260821C144000,CALL,144.0,3.3,3.6,0.505278538,143.5
US.PEP260821C145000,CALL,145.0,2.72,3.1,0.458980923,143.5
US.PEP260821C146000,CALL,146.0,2.17,2.84,0.414210051,143.5
US.PEP260821C147000,CALL,147.0,2.11,2.29,0.373511961,143.5
US.PEP260821C148000,CALL,148.0,1.63,1.96,0.328202082,143.5
US.PEP260821C149000,CALL,149.0,1.34,1.8,0.293052023,143.5
US.PEP260821C150000,CALL,150.0,1.27,1.4,0.258177664,143.5
US.PEP260821C152500,CALL,152.5,0.69,0.98,0.179335398,143.5
US.PEP260821C155000,CALL,155.0,0.44,0.61,0.121911889,143.5
US.PEP260821C157500,CALL,157.5,0.0,2.44,0.103349202,143.5
US.PEP260821C160000,CALL,160.0,0.05,0.3,0.047928741,143.5
US.PEP260821C162500,CALL,162.5,0.0,0.65,0.039858415,143.5
US.PEP260821C165000,CALL,165.0,0.03,0.17,0.026801348,143.5
US.PEP260821C170000,CALL,170.0,0.01,0.13,0.017734857,143.5
US.PEP260821C175000,CALL,175.0,0.0,0.5,0.002724169,143.5
US.PEP260821C180000,CALL,180.0,0.0,0.05,0.000748862,143.5
US.PEP260821C185000,CALL,185.0,0.0,1.0,0.000165607,143.5
US.PEP260821C190000,CALL,190.0,0.0,0.94,4.3883e-05,143.5
US.PEP260821C195000,CALL,195.0,0.0,1.15,4.057e-05,143.5
US.PEP260821C200000,CALL,200.0,0.0,2.13,3.7818e-05,143.5
US.PEP260821C90000,CALL,90.0,51.8,55.9,0.988329506,143.5
US.PEP260821C95000,CALL,95.0,46.85,50.7,0.994220421,143.5
US.PEP260821P100000,PUT,100.0,0.0,0.15,-2.565e-05,143.5
US.PEP260821P105000,PUT,105.0,0.0,0.01,-0.002044362,143.5
US.PEP260821P110000,PUT,110.0,0.0,0.84,-0.008680692,143.5
US.PEP260821P115000,PUT,115.0,0.0,0.07,-0.008460993,143.5
US.PEP260821P120000,PUT,120.0,0.01,0.12,-0.014642821,143.5
US.PEP260821P123000,PUT,123.0,0.0,0.35,-0.027344481,143.5
US.PEP260821P124000,PUT,124.0,0.0,2.16,-0.031913444,143.5
US.PEP260821P125000,PUT,125.0,0.06,0.16,-0.026470004,143.5
US.PEP260821P126000,PUT,126.0,0.0,2.19,-0.042281751,143.5
US.PEP260821P127000,PUT,127.0,0.05,2.21,-0.129002423,143.5
US.PEP260821P128000,PUT,128.0,0.0,2.24,-0.034300302,143.5
US.PEP260821P129000,PUT,129.0,0.06,0.95,-0.088464625,143.5
US.PEP260821P130000,PUT,130.0,0.18,0.37,-0.063351224,143.5
US.PEP260821P131000,PUT,131.0,0.15,1.0,-0.105260368,143.5
US.PEP260821P132000,PUT,132.0,0.0,1.16,-0.071600235,143.5
US.PEP260821P133000,PUT,133.0,0.23,1.23,-0.133810667,143.5
US.PEP260821P134000,PUT,134.0,0.5,1.31,-0.158381581,143.5
US.PEP260821P135000,PUT,135.0,0.58,0.75,-0.143599541,143.5
US.PEP260821P136000,PUT,136.0,0.78,0.96,-0.175887037,143.5
US.PEP260821P137000,PUT,137.0,0.99,1.14,-0.206953505,143.5
US.PEP260821P138000,PUT,138.0,1.12,1.44,-0.24024553,143.5
US.PEP260821P139000,PUT,139.0,1.46,1.66,-0.278643764,143.5
US.PEP260821P140000,PUT,140.0,1.71,2.02,-0.318750112,143.5
US.PEP260821P141000,PUT,141.0,2.01,2.48,-0.362362322,143.5
US.PEP260821P142000,PUT,142.0,2.32,3.2,-0.408757942,143.5
US.PEP260821P143000,PUT,143.0,2.78,3.3,-0.45157598,143.5
US.PEP260821P144000,PUT,144.0,3.35,3.85,-0.497748446,143.5
US.PEP260821P145000,PUT,145.0,3.65,4.8,-0.541737274,143.5
US.PEP260821P146000,PUT,146.0,4.2,5.65,-0.582071178,143.5
US.PEP260821P147000,PUT,147.0,4.9,5.9,-0.630188381,143.5
US.PEP260821P148000,PUT,148.0,4.95,6.8,-0.684349231,143.5
US.PEP260821P149000,PUT,149.0,6.1,7.5,-0.710183203,143.5
US.PEP260821P150000,PUT,150.0,7.15,8.55,-0.723626411,143.5
US.PEP260821P152500,PUT,152.5,8.05,10.7,-0.856671996,143.5
US.PEP260821P155000,PUT,155.0,11.0,12.75,-0.874185908,143.5
US.PEP260821P157500,PUT,157.5,12.9,15.5,-0.915831842,143.5
US.PEP260821P160000,PUT,160.0,14.9,17.7,0.0,143.5
US.PEP260821P162500,PUT,162.5,16.95,20.95,0.0,143.5
US.PEP260821P165000,PUT,165.0,20.35,22.95,-0.943063813,143.5
US.PEP260821P170000,PUT,170.0,25.25,28.45,-0.922957042,143.5
US.PEP260821P175000,PUT,175.0,30.2,33.15,-0.950760164,143.5
US.PEP260821P180000,PUT,180.0,35.15,38.15,-0.95811676,143.5
US.PEP260821P185000,PUT,185.0,40.25,43.45,-0.939495775,143.5
US.PEP260821P190000,PUT,190.0,45.15,48.15,-0.963379439,143.5
US.PEP260821P195000,PUT,195.0,50.25,53.45,-0.945892288,143.5
US.PEP260821P200000,PUT,200.0,55.25,58.45,-0.948360236,143.5
US.PEP260821P90000,PUT,90.0,0.0,2.13,-2.0948e-05,143.5
US.PEP260821P95000,PUT,95.0,0.0,2.13,-2.3112e-05,143.5
US.PEP260828C100000,CALL,100.0,41.95,45.6,0.0,143.5
US.PEP260828C105000,CALL,105.0,37.0,40.85,0.987347718,143.5
US.PEP260828C110000,CALL,110.0,32.0,35.65,0.0,143.5
US.PEP260828C115000,CALL,115.0,27.35,30.75,0.972516128,143.5
US.PEP260828C120000,CALL,120.0,22.1,25.9,0.976203111,143.5
US.PEP260828C122000,CALL,122.0,20.65,24.2,0.930003586,143.5
US.PEP260828C123000,CALL,123.0,19.15,22.75,0.983526136,143.5
US.PEP260828C124000,CALL,124.0,18.6,21.35,0.978679171,143.5
US.PEP260828C125000,CALL,125.0,17.85,20.35,0.958365253,143.5
US.PEP260828C126000,CALL,126.0,16.5,19.6,0.964593016,143.5
US.PEP260828C127000,CALL,127.0,15.8,18.65,0.938676988,143.5
US.PEP260828C128000,CALL,128.0,14.55,17.7,0.950068783,143.5
US.PEP260828C129000,CALL,129.0,13.6,16.75,0.940552369,143.5
US.PEP260828C130000,CALL,130.0,13.4,15.45,0.90624975,143.5
US.PEP260828C131000,CALL,131.0,12.3,14.75,0.891131943,143.5
US.PEP260828C132000,CALL,132.0,11.45,13.55,0.888415769,143.5
US.PEP260828C133000,CALL,133.0,10.8,12.9,0.848620168,143.5
US.PEP260828C134000,CALL,134.0,9.7,12.05,0.838308486,143.5
US.PEP260828C135000,CALL,135.0,9.1,10.45,0.838027967,143.5
US.PEP260828C136000,CALL,136.0,7.95,10.4,0.793929527,143.5
US.PEP260828C137000,CALL,137.0,7.15,8.85,0.794361574,143.5
US.PEP260828C138000,CALL,138.0,7.1,8.35,0.730546045,143.5
US.PEP260828C139000,CALL,139.0,6.1,7.6,0.70537226,143.5
US.PEP260828C140000,CALL,140.0,5.4,6.85,0.671171853,143.5
US.PEP260828C141000,CALL,141.0,5.2,6.05,0.629180994,143.5
US.PEP260828C142000,CALL,142.0,4.45,5.55,0.59133475,143.5
US.PEP260828C143000,CALL,143.0,3.95,5.15,0.551190139,143.5
US.PEP260828C144000,CALL,144.0,3.75,4.4,0.512360414,143.5
US.PEP260828C145000,CALL,145.0,3.3,3.85,0.473334238,143.5
US.PEP260828C146000,CALL,146.0,2.65,3.25,0.430150358,143.5
US.PEP260828C147000,CALL,147.0,2.35,2.98,0.394217086,143.5
US.PEP260828C148000,CALL,148.0,2.0,2.66,0.357655272,143.5
US.PEP260828C149000,CALL,149.0,1.7,2.33,0.322084179,143.5
US.PEP260828C150000,CALL,150.0,1.49,2.05,0.290549911,143.5
US.PEP260828C152500,CALL,152.5,0.96,1.49,0.217931811,143.5
US.PEP260828C155000,CALL,155.0,0.63,0.95,0.154735656,143.5
US.PEP260828C157500,CALL,157.5,0.0,2.64,0.13237016,143.5
US.PEP260828C160000,CALL,160.0,0.07,0.71,0.082694844,143.5
US.PEP260828C162500,CALL,162.5,0.0,2.37,0.063836866,143.5
US.PEP260828C165000,CALL,165.0,0.04,0.6,0.061768434,143.5
US.PEP260828C167500,CALL,167.5,0.0,2.26,0.030293624,143.5
US.PEP260828C170000,CALL,170.0,0.01,2.23,0.12318018,143.5
US.PEP260828C175000,CALL,175.0,0.0,2.19,0.007696579,143.5
US.PEP260828C180000,CALL,180.0,0.0,2.18,0.002779297,143.5
US.PEP260828C185000,CALL,185.0,0.0,2.17,0.000911322,143.5
US.PEP260828C190000,CALL,190.0,0.0,1.75,0.000280882,143.5
US.PEP260828C195000,CALL,195.0,0.0,1.55,7.584e-05,143.5
US.PEP260828C200000,CALL,200.0,0.0,2.16,3.7892e-05,143.5
US.PEP260828C90000,CALL,90.0,51.9,55.95,0.987765383,143.5
US.PEP260828C95000,CALL,95.0,47.2,50.8,0.982432655,143.5
US.PEP260828P100000,PUT,100.0,0.0,2.14,-0.00025867,143.5
US.PEP260828P105000,PUT,105.0,0.0,2.15,-0.001298046,143.5
US.PEP260828P110000,PUT,110.0,0.01,2.16,-0.076440349,143.5
US.PEP260828P115000,PUT,115.0,0.0,2.18,-0.015814743,143.5
US.PEP260828P120000,PUT,120.0,0.0,0.56,-0.031437637,143.5
US.PEP260828P122000,PUT,122.0,0.0,1.75,-0.038476366,143.5
US.PEP260828P123000,PUT,123.0,0.0,1.37,-0.042552954,143.5
US.PEP260828P124000,PUT,124.0,0.0,0.93,-0.046820783,143.5
US.PEP260828P125000,PUT,125.0,0.06,0.28,-0.036011415,143.5
US.PEP260828P126000,PUT,126.0,0.0,0.95,-0.05611899,143.5
US.PEP260828P127000,PUT,127.0,0.0,0.96,-0.063052517,143.5
US.PEP260828P128000,PUT,128.0,0.0,0.66,-0.052184185,143.5
US.PEP260828P129000,PUT,129.0,0.0,1.44,-0.067494533,143.5
US.PEP260828P130000,PUT,130.0,0.26,0.62,-0.084927782,143.5
US.PEP260828P131000,PUT,131.0,0.0,1.25,-0.096493234,143.5
US.PEP260828P132000,PUT,132.0,0.4,0.95,-0.12086649,143.5
US.PEP260828P133000,PUT,133.0,0.5,1.87,-0.170648443,143.5
US.PEP260828P134000,PUT,134.0,0.24,1.69,-0.162735235,143.5
US.PEP260828P135000,PUT,135.0,0.45,1.23,-0.161072461,143.5
US.PEP260828P136000,PUT,136.0,0.84,1.36,-0.195175832,143.5
US.PEP260828P137000,PUT,137.0,0.84,1.58,-0.217341467,143.5
US.PEP260828P138000,PUT,138.0,1.26,1.72,-0.253006824,143.5
US.PEP260828P139000,PUT,139.0,1.44,2.18,-0.290600243,143.5
US.PEP260828P140000,PUT,140.0,1.66,2.41,-0.32418428,143.5
US.PEP260828P141000,PUT,141.0,2.21,2.91,-0.369391906,143.5
US.PEP260828P142000,PUT,142.0,2.37,3.3,-0.407314371,143.5
US.PEP260828P143000,PUT,143.0,2.84,3.8,-0.450158813,143.5
US.PEP260828P144000,PUT,144.0,3.5,4.35,-0.492230471,143.5
US.PEP260828P145000,PUT,145.0,3.3,4.95,-0.539606755,143.5
US.PEP260828P146000,PUT,146.0,4.6,5.2,-0.578545003,143.5
US.PEP260828P147000,PUT,147.0,4.55,6.15,-0.627666335,143.5
US.PEP260828P148000,PUT,148.0,5.8,7.15,-0.645807412,143.5
US.PEP260828P149000,PUT,149.0,6.4,8.0,-0.679667488,143.5
US.PEP260828P150000,PUT,150.0,7.35,8.35,-0.718511026,143.5
US.PEP260828P152500,PUT,152.5,8.55,10.95,-0.801915366,143.5
US.PEP260828P155000,PUT,155.0,10.65,13.0,-0.877159453,143.5
US.PEP260828P157500,PUT,157.5,12.7,15.7,-0.911630904,143.5
US.PEP260828P160000,PUT,160.0,15.1,17.65,0.0,143.5
US.PEP260828P162500,PUT,162.5,17.3,20.7,-0.999999999,143.5
US.PEP260828P165000,PUT,165.0,19.4,23.45,0.0,143.5
US.PEP260828P167500,PUT,167.5,22.55,25.5,-0.976346485,143.5
US.PEP260828P170000,PUT,170.0,24.6,28.45,-0.977762077,143.5
US.PEP260828P175000,PUT,175.0,29.6,33.45,-0.980000017,143.5
US.PEP260828P180000,PUT,180.0,34.6,38.45,-0.981695267,143.5
US.PEP260828P185000,PUT,185.0,39.6,43.45,-0.98302704,143.5
US.PEP260828P190000,PUT,190.0,44.6,48.45,-0.984103243,143.5
US.PEP260828P195000,PUT,195.0,49.6,53.2,0.0,143.5
US.PEP260828P200000,PUT,200.0,54.6,58.2,0.0,143.5
US.PEP260828P90000,PUT,90.0,0.0,2.13,-1.9101e-05,143.5
US.PEP260828P95000,PUT,95.0,0.0,2.14,-2.0951e-05,143.5
US.PEP260904C100000,CALL,100.0,42.0,45.95,0.989492525,143.5
US.PEP260904C105000,CALL,105.0,37.0,41.0,0.987577237,143.5
US.PEP260904C110000,CALL,110.0,32.2,35.9,0.982504739,143.5
US.PEP260904C115000,CALL,115.0,27.45,30.4,0.0,143.5
US.PEP260904C120000,CALL,120.0,22.3,25.6,0.0,143.5
US.PEP260904C122000,CALL,122.0,20.5,23.55,0.986375824,143.5
US.PEP260904C123000,CALL,123.0,19.5,23.0,0.953720029,143.5
US.PEP260904C124000,CALL,124.0,18.55,21.85,0.958577024,143.5
US.PEP260904C125000,CALL,125.0,17.4,20.95,0.960854258,143.5
US.PEP260904C126000,CALL,126.0,16.8,19.95,0.934627267,143.5
US.PEP260904C127000,CALL,127.0,15.65,19.0,0.938101867,143.5
US.PEP260904C128000,CALL,128.0,14.95,17.7,0.935784355,143.5
US.PEP260904C129000,CALL,129.0,14.0,16.9,0.918100181,143.5
US.PEP260904C130000,CALL,130.0,13.1,15.85,0.911697717,143.5
US.PEP260904C131000,CALL,131.0,12.55,14.95,0.879343052,143.5
US.PEP260904C132000,CALL,132.0,11.75,14.3,0.85050966,143.5
US.PEP260904C133000,CALL,133.0,10.9,13.2,0.841246535,143.5
US.PEP260904C134000,CALL,134.0,9.95,12.65,0.814789766,143.5
US.PEP260904C135000,CALL,135.0,9.1,11.55,0.803090998,143.5
US.PEP260904C136000,CALL,136.0,8.3,10.65,0.781765124,143.5
US.PEP260904C137000,CALL,137.0,7.6,9.9,0.752209061,143.5
US.PEP260904C138000,CALL,138.0,7.6,9.25,0.706168189,143.5
US.PEP260904C139000,CALL,139.0,6.6,8.55,0.68271489,143.5
US.PEP260904C140000,CALL,140.0,6.2,7.0,0.660747038,143.5
US.PEP260904C141000,CALL,141.0,5.45,6.5,0.626052854,143.5
US.PEP260904C142000,CALL,142.0,5.0,5.95,0.589106534,143.5
US.PEP260904C143000,CALL,143.0,4.45,5.45,0.553264719,143.5
US.PEP260904C144000,CALL,144.0,3.9,5.0,0.517428091,143.5
US.PEP260904C145000,CALL,145.0,3.25,4.35,0.479619368,143.5
US.PEP260904C146000,CALL,146.0,3.0,3.9,0.444411801,143.5
US.PEP260904C147000,CALL,147.0,2.49,3.6,0.408699444,143.5
US.PEP260904C148000,CALL,148.0,2.14,4.05,0.387980505,143.5
US.PEP260904C149000,CALL,149.0,2.07,2.83,0.344956469,143.5
US.PEP260904C150000,CALL,150.0,1.66,2.54,0.311043746,143.5
US.PEP260904C152500,CALL,152.5,1.06,1.93,0.240005146,143.5
US.PEP260904C155000,CALL,155.0,0.85,1.27,0.181925629,143.5
US.PEP260904C157500,CALL,157.5,0.58,1.37,0.157794619,143.5
US.PEP260904C160000,CALL,160.0,0.4,0.71,0.103827012,143.5
US.PEP260904C165000,CALL,165.0,0.04,0.6,0.061983113,143.5
US.PEP260904C170000,CALL,170.0,0.01,1.17,0.082422857,143.5
US.PEP260904C175000,CALL,175.0,0.0,2.25,0.038852659,143.5
US.PEP260904C180000,CALL,180.0,0.0,2.22,0.026707898,143.5
US.PEP260904C185000,CALL,185.0,0.0,2.21,0.018642624,143.5
US.PEP260904C190000,CALL,190.0,0.0,2.2,0.013199088,143.5
US.PEP260904C195000,CALL,195.0,0.0,1.35,0.009447142,143.5
US.PEP260904C200000,CALL,200.0,0.0,1.75,0.006811255,143.5
US.PEP260904C90000,CALL,90.0,51.95,55.8,0.996677763,143.5
US.PEP260904C95000,CALL,95.0,46.95,51.0,0.989066052,143.5
US.PEP260904P100000,PUT,100.0,0.0,2.13,-0.004764898,143.5
US.PEP260904P105000,PUT,105.0,0.0,2.13,-0.009162958,143.5
US.PEP260904P110000,PUT,110.0,0.0,1.75,-0.017059735,143.5
US.PEP260904P115000,PUT,115.0,0.0,2.15,-0.030795086,143.5
US.PEP260904P120000,PUT,120.0,0.02,0.88,-0.057857686,143.5
US.PEP260904P122000,PUT,122.0,0.0,2.26,-0.066965896,143.5
US.PEP260904P123000,PUT,123.0,0.0,2.3,-0.073730163,143.5
US.PEP260904P124000,PUT,124.0,0.0,0.95,-0.080731018,143.5
US.PEP260904P125000,PUT,125.0,0.0,2.37,-0.087993702,143.5
US.PEP260904P126000,PUT,126.0,0.0,2.42,-0.095578499,143.5
US.PEP260904P127000,PUT,127.0,0.0,2.51,-0.103519196,143.5
US.PEP260904P128000,PUT,128.0,0.0,1.45,-0.111886439,143.5
US.PEP260904P129000,PUT,129.0,0.0,2.64,-0.120727951,143.5
US.PEP260904P130000,PUT,130.0,0.25,2.74,-0.166093898,143.5
US.PEP260904P131000,PUT,131.0,0.31,2.9,-0.178977338,143.5
US.PEP260904P132000,PUT,132.0,0.0,1.46,-0.150976759,143.5
US.PEP260904P133000,PUT,133.0,0.89,1.34,-0.164941164,143.5
US.PEP260904P134000,PUT,134.0,1.03,1.48,-0.183791194,143.5
US.PEP260904P135000,PUT,135.0,1.17,1.79,-0.208712029,143.5
US.PEP260904P136000,PUT,136.0,1.45,2.09,-0.237186775,143.5
US.PEP260904P137000,PUT,137.0,1.65,2.65,-0.269170024,143.5
US.PEP260904P138000,PUT,138.0,1.33,2.74,-0.280462369,143.5
US.PEP260904P139000,PUT,139.0,2.37,3.3,-0.327849806,143.5
US.PEP260904P140000,PUT,140.0,2.75,3.6,-0.357292057,143.5
US.PEP260904P141000,PUT,141.0,2.25,4.15,-0.381849128,143.5
US.PEP260904P142000,PUT,142.0,2.96,4.85,-0.419073582,143.5
US.PEP260904P143000,PUT,143.0,3.5,5.05,-0.451578586,143.5
US.PEP260904P144000,PUT,144.0,4.5,5.7,-0.483866177,143.5
US.PEP260904P145000,PUT,145.0,4.95,6.35,-0.515091832,143.5
US.PEP260904P146000,PUT,146.0,5.7,6.85,-0.545152355,143.5
US.PEP260904P147000,PUT,147.0,6.5,7.5,-0.572571151,143.5
US.PEP260904P148000,PUT,148.0,5.85,8.35,-0.617346093,143.5
US.PEP260904P149000,PUT,149.0,7.65,8.85,-0.630646932,143.5
US.PEP260904P150000,PUT,150.0,8.45,9.9,-0.649010065,143.5
US.PEP260904P152500,PUT,152.5,9.45,11.95,-0.72539461,143.5
US.PEP260904P155000,PUT,155.0,11.9,14.3,-0.755294446,143.5
US.PEP260904P157500,PUT,157.5,14.1,16.4,-0.79553964,143.5
US.PEP260904P160000,PUT,160.0,16.45,19.45,-0.797334097,143.5
US.PEP260904P165000,PUT,165.0,20.8,23.95,-0.856506047,143.5
US.PEP260904P170000,PUT,170.0,25.5,28.85,-0.885408338,143.5
US.PEP260904P175000,PUT,175.0,30.35,33.85,-0.900763315,143.5
US.PEP260904P180000,PUT,180.0,35.3,39.2,-0.897008029,143.5
US.PEP260904P185000,PUT,185.0,40.25,44.1,-0.908210607,143.5
US.PEP260904P190000,PUT,190.0,45.25,49.1,-0.913106898,143.5
US.PEP260904P195000,PUT,195.0,50.15,54.05,-0.922082134,143.5
US.PEP260904P200000,PUT,200.0,55.2,59.05,-0.923824053,143.5
US.PEP260904P90000,PUT,90.0,0.0,2.13,-0.00115265,143.5
US.PEP260904P95000,PUT,95.0,0.0,2.13,-0.002393049,143.5
US.PEP260918C100000,CALL,100.0,42.0,45.1,0.0,143.5
US.PEP260918C105000,CALL,105.0,37.5,40.15,0.0,143.5
US.PEP260918C110000,CALL,110.0,32.1,35.2,0.0,143.5
US.PEP260918C115000,CALL,115.0,27.15,30.85,0.0,143.5
US.PEP260918C120000,CALL,120.0,23.15,25.6,0.962821494,143.5
US.PEP260918C125000,CALL,125.0,18.3,20.5,0.955505804,143.5
US.PEP260918C130000,CALL,130.0,13.65,15.85,0.903434191,143.5
US.PEP260918C135000,CALL,135.0,9.55,11.4,0.808505556,143.5
US.PEP260918C140000,CALL,140.0,6.8,7.45,0.656147174,143.5
US.PEP260918C145000,CALL,145.0,3.9,4.6,0.490871284,143.5
US.PEP260918C150000,CALL,150.0,2.25,2.59,0.330083616,143.5
US.PEP260918C155000,CALL,155.0,1.11,1.45,0.202031419,143.5
US.PEP260918C160000,CALL,160.0,0.65,0.91,0.128515734,143.5
US.PEP260918C165000,CALL,165.0,0.36,0.46,0.073723209,143.5
US.PEP260918C170000,CALL,170.0,0.2,0.26,0.043457279,143.5
US.PEP260918C175000,CALL,175.0,0.15,0.23,0.033882826,143.5
US.PEP260918C180000,CALL,180.0,0.0,0.62,0.020437475,143.5
US.PEP260918C185000,CALL,185.0,0.0,0.3,0.011017048,143.5
US.PEP260918C190000,CALL,190.0,0.0,0.35,0.005674849,143.5
US.PEP260918C195000,CALL,195.0,0.0,1.14,0.002819485,143.5
US.PEP260918C200000,CALL,200.0,0.0,0.5,0.00136935,143.5
US.PEP260918C90000,CALL,90.0,51.95,55.85,0.0,143.5
US.PEP260918C95000,CALL,95.0,47.0,50.3,0.0,143.5
US.PEP260918P100000,PUT,100.0,0.0,0.44,-0.003219011,143.5
US.PEP260918P105000,PUT,105.0,0.01,0.49,-0.025416788,143.5
US.PEP260918P110000,PUT,110.0,0.03,0.25,-0.01887233,143.5
US.PEP260918P115000,PUT,115.0,0.12,0.3,-0.029216244,143.5
US.PEP260918P120000,PUT,120.0,0.22,0.39,-0.044361521,143.5
US.PEP260918P125000,PUT,125.0,0.44,0.57,-0.073747065,143.5
US.PEP260918P130000,PUT,130.0,0.93,1.31,-0.142754057,143.5
US.PEP260918P135000,PUT,135.0,1.91,2.11,-0.234388257,143.5
US.PEP260918P140000,PUT,140.0,3.4,3.85,-0.363004091,143.5
US.PEP260918P145000,PUT,145.0,5.8,6.35,-0.506039337,143.5
US.PEP260918P150000,PUT,150.0,9.1,10.25,-0.626716308,143.5
US.PEP260918P155000,PUT,155.0,12.3,14.65,-0.728646189,143.5
US.PEP260918P160000,PUT,160.0,16.7,19.0,-0.796839929,143.5
US.PEP260918P165000,PUT,165.0,21.15,23.85,-0.841209441,143.5
US.PEP260918P170000,PUT,170.0,25.95,28.6,-0.871827163,143.5
US.PEP260918P175000,PUT,175.0,30.5,33.75,-0.893456981,143.5
US.PEP260918P180000,PUT,180.0,35.5,39.15,-0.886795245,143.5
US.PEP260918P185000,PUT,185.0,40.45,44.1,-0.896616793,143.5
US.PEP260918P190000,PUT,190.0,45.75,48.8,-0.901967693,143.5
US.PEP260918P195000,PUT,195.0,50.7,53.75,-0.909517808,143.5
US.PEP260918P200000,PUT,200.0,55.8,59.0,-0.903316207,143.5
US.PEP260918P90000,PUT,90.0,0.0,1.05,-0.000211903,143.5
US.PEP260918P95000,PUT,95.0,0.0,1.05,-0.000937192,143.5
US.PEP261016C100000,CALL,100.0,42.0,45.2,0.0,143.5
US.PEP261016C105000,CALL,105.0,37.05,40.35,0.0,143.5
US.PEP261016C110000,CALL,110.0,32.6,35.25,0.0,143.5
US.PEP261016C115000,CALL,115.0,28.1,30.35,0.0,143.5
US.PEP261016C120000,CALL,120.0,22.8,25.75,0.0,143.5
US.PEP261016C125000,CALL,125.0,18.75,20.55,0.972908944,143.5
US.PEP261016C130000,CALL,130.0,14.6,16.05,0.887107275,143.5
US.PEP261016C135000,CALL,135.0,10.2,12.5,0.78414038,143.5
US.PEP261016C140000,CALL,140.0,8.35,8.7,0.643084265,143.5
US.PEP261016C145000,CALL,145.0,5.8,6.1,0.513333278,143.5
US.PEP261016C150000,CALL,150.0,3.85,4.1,0.389110995,143.5
US.PEP261016C155000,CALL,155.0,2.36,2.68,0.278844484,143.5
US.PEP261016C160000,CALL,160.0,1.57,1.71,0.196188497,143.5
US.PEP261016C165000,CALL,165.0,0.88,1.3,0.137543979,143.5
US.PEP261016C170000,CALL,170.0,0.45,0.95,0.093562464,143.5
US.PEP261016C175000,CALL,175.0,0.33,0.51,0.060203745,143.5
US.PEP261016C180000,CALL,180.0,0.0,0.38,0.045985452,143.5
US.PEP261016C185000,CALL,185.0,0.0,0.45,0.027133736,143.5
US.PEP261016C190000,CALL,190.0,0.0,1.28,0.016400799,143.5
US.PEP261016C195000,CALL,195.0,0.0,1.19,0.009676593,143.5
US.PEP261016C200000,CALL,200.0,0.0,2.17,0.005593615,143.5
US.PEP261016C90000,CALL,90.0,51.95,55.15,0.0,143.5
US.PEP261016C95000,CALL,95.0,47.25,50.3,0.0,143.5
US.PEP261016P100000,PUT,100.0,0.0,0.55,-0.005123681,143.5
US.PEP261016P105000,PUT,105.0,0.0,0.82,-0.012868566,143.5
US.PEP261016P110000,PUT,110.0,0.12,0.31,-0.025591327,143.5
US.PEP261016P115000,PUT,115.0,0.05,0.9,-0.050797949,143.5
US.PEP261016P120000,PUT,120.0,0.53,0.92,-0.07702087,143.5
US.PEP261016P125000,PUT,125.0,0.94,1.39,-0.119217871,143.5
US.PEP261016P130000,PUT,130.0,1.71,2.07,-0.181759383,143.5
US.PEP261016P135000,PUT,135.0,3.15,3.4,-0.274011908,143.5
US.PEP261016P140000,PUT,140.0,4.75,5.25,-0.376490866,143.5
US.PEP261016P145000,PUT,145.0,7.1,7.65,-0.488875036,143.5
US.PEP261016P150000,PUT,150.0,10.05,10.8,-0.59800173,143.5
US.PEP261016P155000,PUT,155.0,13.1,15.75,-0.67998831,143.5
US.PEP261016P160000,PUT,160.0,17.95,19.55,-0.741005745,143.5
US.PEP261016P165000,PUT,165.0,22.05,23.95,-0.80065518,143.5
US.PEP261016P170000,PUT,170.0,25.75,29.6,-0.835643912,143.5
US.PEP261016P175000,PUT,175.0,30.75,33.45,-0.887331809,143.5
US.PEP261016P180000,PUT,180.0,35.55,38.8,-0.889236688,143.5
US.PEP261016P185000,PUT,185.0,40.95,44.1,-0.87343399,143.5
US.PEP261016P190000,PUT,190.0,45.75,48.6,-0.901076944,143.5
US.PEP261016P195000,PUT,195.0,50.8,54.0,-0.891746191,143.5
US.PEP261016P200000,PUT,200.0,55.8,59.0,-0.896017744,143.5
US.PEP261016P90000,PUT,90.0,0.0,1.05,-0.000456508,143.5
US.PEP261016P95000,PUT,95.0,0.0,1.33,-0.001717679,143.5
US.PEP261120C100000,CALL,100.0,42.05,45.3,0.0,143.5
US.PEP261120C105000,CALL,105.0,37.5,40.95,0.0,143.5
US.PEP261120C110000,CALL,110.0,32.8,35.6,0.0,143.5
US.PEP261120C115000,CALL,115.0,27.95,30.75,0.0,143.5
US.PEP261120C120000,CALL,120.0,23.6,26.1,0.0,143.5
US.PEP261120C125000,CALL,125.0,19.65,21.8,0.909864927,143.5
US.PEP261120C130000,CALL,130.0,15.85,17.4,0.836659709,143.5
US.PEP261120C135000,CALL,135.0,12.35,14.3,0.734734895,143.5
US.PEP261120C140000,CALL,140.0,9.3,11.3,0.634296508,143.5
US.PEP261120C145000,CALL,145.0,7.15,7.7,0.53039712,143.5
US.PEP261120C150000,CALL,150.0,5.35,5.7,0.428652743,143.5
US.PEP261120C155000,CALL,155.0,3.75,4.1,0.335111564,143.5
US.PEP261120C160000,CALL,160.0,2.43,2.8,0.249428977,143.5
US.PEP261120C165000,CALL,165.0,1.57,2.14,0.18740182,143.5
US.PEP261120C170000,CALL,170.0,1.05,1.78,0.145600268,143.5
US.PEP261120C175000,CALL,175.0,0.6,1.26,0.103052711,143.5
US.PEP261120C180000,CALL,180.0,0.24,1.65,0.096089765,143.5
US.PEP261120C185000,CALL,185.0,0.15,1.62,0.08588945,143.5
US.PEP261120C190000,CALL,190.0,0.0,1.34,0.050855024,143.5
US.PEP261120C195000,CALL,195.0,0.0,1.5,0.038682515,143.5
US.PEP261120C200000,CALL,200.0,0.0,1.27,0.026718119,143.5
US.PEP261120C90000,CALL,90.0,51.95,55.7,0.0,143.5
US.PEP261120C95000,CALL,95.0,47.25,50.35,0.0,143.5
US.PEP261120P100000,PUT,100.0,0.0,1.5,-0.018658179,143.5
US.PEP261120P105000,PUT,105.0,0.0,1.0,-0.034664568,143.5
US.PEP261120P110000,PUT,110.0,0.3,1.15,-0.058186427,143.5
US.PEP261120P115000,PUT,115.0,0.61,1.23,-0.076522125,143.5
US.PEP261120P120000,PUT,120.0,0.79,1.87,-0.10860876,143.5
US.PEP261120P125000,PUT,125.0,1.56,2.14,-0.149711953,143.5
US.PEP261120P130000,PUT,130.0,2.75,2.94,-0.213287602,143.5
US.PEP261120P135000,PUT,135.0,4.1,4.4,-0.291408883,143.5
US.PEP261120P140000,PUT,140.0,5.95,6.3,-0.380527978,143.5
US.PEP261120P145000,PUT,145.0,8.1,8.75,-0.475776169,143.5
US.PEP261120P150000,PUT,150.0,11.25,11.75,-0.568380565,143.5
US.PEP261120P155000,PUT,155.0,14.65,16.55,-0.63701224,143.5
US.PEP261120P160000,PUT,160.0,17.9,20.1,-0.721047962,143.5
US.PEP261120P165000,PUT,165.0,21.8,24.35,-0.786995274,143.5
US.PEP261120P170000,PUT,170.0,26.6,29.05,-0.817840201,143.5
US.PEP261120P175000,PUT,175.0,30.9,34.0,-0.853178919,143.5
US.PEP261120P180000,PUT,180.0,36.2,38.85,-0.857873638,143.5
US.PEP261120P185000,PUT,185.0,41.0,43.7,-0.876417653,143.5
US.PEP261120P190000,PUT,190.0,45.45,49.1,-0.887309664,143.5
US.PEP261120P195000,PUT,195.0,50.2,54.05,-0.902428105,143.5
US.PEP261120P200000,PUT,200.0,55.15,59.0,-0.909909459,143.5
US.PEP261120P90000,PUT,90.0,0.0,1.38,-0.003905853,143.5
US.PEP261120P95000,PUT,95.0,0.0,2.24,-0.009066474,143.5
US.PSKY260731C10000,CALL,10.0,0.0,0.01,0.028976197,7.95
US.PSKY260731C10500,CALL,10.5,0.0,0.01,0.025331281,7.95
US.PSKY260731C11000,CALL,11.0,0.0,0.01,0.00474456,7.95
US.PSKY260731C5000,CALL,5.0,2.6,3.35,0.972305744,7.95
US.PSKY260731C5500,CALL,5.5,2.19,2.82,0.943183544,7.95
US.PSKY260731C6000,CALL,6.0,1.64,3.65,0.786026923,7.95
US.PSKY260731C6500,CALL,6.5,1.13,1.55,0.0,7.95
US.PSKY260731C7000,CALL,7.0,0.87,1.05,0.963256497,7.95
US.PSKY260731C7500,CALL,7.5,0.26,0.66,0.936719675,7.95
US.PSKY260731C8000,CALL,8.0,0.1,0.15,0.457209921,7.95
US.PSKY260731C8500,CALL,8.5,0.02,0.05,0.144274742,7.95
US.PSKY260731C9000,CALL,9.0,0.0,0.03,0.044232098,7.95
US.PSKY260731C9500,CALL,9.5,0.0,0.01,0.034531196,7.95
US.PSKY260731P10000,PUT,10.0,1.79,2.35,-0.949584564,7.95
US.PSKY260731P10500,PUT,10.5,2.29,4.35,-0.628844776,7.95
US.PSKY260731P11000,PUT,11.0,2.79,5.15,-0.612438545,7.95
US.PSKY260731P5000,PUT,5.0,0.0,0.1,-0.000338676,7.95
US.PSKY260731P5500,PUT,5.5,0.0,0.1,-0.054146109,7.95
US.PSKY260731P6000,PUT,6.0,0.0,2.13,-0.000532202,7.95
US.PSKY260731P6500,PUT,6.5,0.0,2.13,-0.000716256,7.95
US.PSKY260731P7000,PUT,7.0,0.0,0.02,-0.040536946,7.95
US.PSKY260731P7500,PUT,7.5,0.01,0.06,-0.146156947,7.95
US.PSKY260731P8000,PUT,8.0,0.03,0.26,-0.557274322,7.95
US.PSKY260731P8500,PUT,8.5,0.36,0.83,-0.831778818,7.95
US.PSKY260731P9000,PUT,9.0,0.73,1.15,0.0,7.95
US.PSKY260731P9500,PUT,9.5,1.23,2.13,-0.816502594,7.95
US.PSKY260807C10000,CALL,10.0,0.02,0.03,0.056304925,7.95
US.PSKY260807C10500,CALL,10.5,0.0,0.17,0.04731563,7.95
US.PSKY260807C11000,CALL,11.0,0.0,0.03,0.040359649,7.95
US.PSKY260807C5000,CALL,5.0,2.5,4.95,0.838962519,7.95
US.PSKY260807C5500,CALL,5.5,2.0,4.5,0.811848362,7.95
US.PSKY260807C6000,CALL,6.0,1.53,4.0,0.780613218,7.95
US.PSKY260807C6500,CALL,6.5,1.04,3.25,0.749628447,7.95
US.PSKY260807C7000,CALL,7.0,0.66,3.05,0.695026056,7.95
US.PSKY260807C7500,CALL,7.5,0.39,0.98,0.69295497,7.95
US.PSKY260807C8000,CALL,8.0,0.27,0.44,0.505561989,7.95
US.PSKY260807C8500,CALL,8.5,0.11,0.26,0.315219262,7.95
US.PSKY260807C9000,CALL,9.0,0.03,0.1,0.148402741,7.95
US.PSKY260807C9500,CALL,9.5,0.01,0.06,0.082768355,7.95
US.PSKY260807P10000,PUT,10.0,1.74,3.8,-0.620891778,7.95
US.PSKY260807P10500,PUT,10.5,2.15,4.65,-0.611079435,7.95
US.PSKY260807P11000,PUT,11.0,2.72,4.6,-0.677812586,7.95
US.PSKY260807P5000,PUT,5.0,0.0,0.03,-0.000336194,7.95
US.PSKY260807P5500,PUT,5.5,0.0,0.28,-0.00217289,7.95
US.PSKY260807P6000,PUT,6.0,0.0,0.78,-0.013763408,7.95
US.PSKY260807P6500,PUT,6.5,0.01,0.1,-0.088194645,7.95
US.PSKY260807P7000,PUT,7.0,0.02,0.08,-0.112026757,7.95
US.PSKY260807P7500,PUT,7.5,0.05,0.24,-0.269069718,7.95
US.PSKY260807P8000,PUT,8.0,0.38,0.44,-0.493393613,7.95
US.PSKY260807P8500,PUT,8.5,0.4,0.84,-0.783143225,7.95
US.PSKY260807P9000,PUT,9.0,0.86,1.31,-0.887440144,7.95
US.PSKY260807P9500,PUT,9.5,1.26,1.8,0.0,7.95
US.PSKY260814C10000,CALL,10.0,0.03,0.07,0.090138669,7.95
US.PSKY260814C10500,CALL,10.5,0.0,0.14,0.042465014,7.95
US.PSKY260814C11000,CALL,11.0,0.0,0.1,0.022808522,7.95
US.PSKY260814C5000,CALL,5.0,2.55,5.0,0.837558147,7.95
US.PSKY260814C5500,CALL,5.5,1.98,4.5,0.812639469,7.95
US.PSKY260814C6000,CALL,6.0,1.49,3.15,0.822113654,7.95
US.PSKY260814C6500,CALL,6.5,1.09,3.3,0.747460083,7.95
US.PSKY260814C7000,CALL,7.0,0.08,1.23,0.0,7.95
US.PSKY260814C7500,CALL,7.5,0.64,0.77,0.689435989,7.95
US.PSKY260814C8000,CALL,8.0,0.4,0.67,0.524184678,7.95
US.PSKY260814C8500,CALL,8.5,0.2,0.5,0.389592673,7.95
US.PSKY260814C9000,CALL,9.0,0.05,0.2,0.21117089,7.95
US.PSKY260814C9500,CALL,9.5,0.05,0.23,0.190466947,7.95
US.PSKY260814P10000,PUT,10.0,0.85,3.8,-0.750934963,7.95
US.PSKY260814P10500,PUT,10.5,2.05,4.7,-0.614556584,7.95
US.PSKY260814P11000,PUT,11.0,2.75,4.55,-0.678537909,7.95
US.PSKY260814P5000,PUT,5.0,0.0,0.25,-0.086892945,7.95
US.PSKY260814P5500,PUT,5.5,0.0,2.14,-0.104488394,7.95
US.PSKY260814P6000,PUT,6.0,0.0,1.45,-0.127175659,7.95
US.PSKY260814P6500,PUT,6.5,0.0,0.58,-0.158077498,7.95
US.PSKY260814P7000,PUT,7.0,0.1,0.18,-0.186995888,7.95
US.PSKY260814P7500,PUT,7.5,0.05,0.31,-0.286696731,7.95
US.PSKY260814P8000,PUT,8.0,0.28,0.58,-0.489033642,7.95
US.PSKY260814P8500,PUT,8.5,0.59,0.98,-0.650799801,7.95
US.PSKY260814P9000,PUT,9.0,1.02,1.51,-0.721079403,7.95
US.PSKY260814P9500,PUT,9.5,0.95,3.4,-0.618214526,7.95
US.PSKY260821C10000,CALL,10.0,0.0,0.11,0.101592315,7.95
US.PSKY260821C10500,CALL,10.5,0.0,0.11,0.118076061,7.95
US.PSKY260821C11000,CALL,11.0,0.02,0.04,0.051477765,7.95
US.PSKY260821C5000,CALL,5.0,2.58,3.35,0.994166538,7.95
US.PSKY260821C5500,CALL,5.5,2.14,3.1,0.895823815,7.95
US.PSKY260821C6000,CALL,6.0,1.56,2.69,0.873801118,7.95
US.PSKY260821C6500,CALL,6.5,1.1,2.04,0.874740852,7.95
US.PSKY260821C7000,CALL,7.0,0.88,1.53,0.770586403,7.95
US.PSKY260821C7500,CALL,7.5,0.7,0.8,0.679563857,7.95
US.PSKY260821C8000,CALL,8.0,0.46,0.57,0.524061545,7.95
US.PSKY260821C8500,CALL,8.5,0.26,0.49,0.398350025,7.95
US.PSKY260821C9000,CALL,9.0,0.07,0.23,0.231487639,7.95
US.PSKY260821C9500,CALL,9.5,0.07,0.21,0.190826304,7.95
US.PSKY260821P10000,PUT,10.0,1.97,2.55,-0.778842319,7.95
US.PSKY260821P10500,PUT,10.5,2.01,2.98,0.0,7.95
US.PSKY260821P11000,PUT,11.0,2.91,3.5,-0.836994346,7.95
US.PSKY260821P5000,PUT,5.0,0.0,0.3,-0.009929338,7.95
US.PSKY260821P5500,PUT,5.5,0.0,0.54,-0.024360723,7.95
US.PSKY260821P6000,PUT,6.0,0.0,0.55,-0.053286609,7.95
US.PSKY260821P6500,PUT,6.5,0.0,0.1,-0.105636853,7.95
US.PSKY260821P7000,PUT,7.0,0.11,0.4,-0.234915701,7.95
US.PSKY260821P7500,PUT,7.5,0.27,0.35,-0.32723435,7.95
US.PSKY260821P8000,PUT,8.0,0.32,0.64,-0.482345334,7.95
US.PSKY260821P8500,PUT,8.5,0.81,0.94,-0.612587298,7.95
US.PSKY260821P9000,PUT,9.0,1.03,1.33,-0.771990624,7.95
US.PSKY260821P9500,PUT,9.5,1.17,2.11,-0.836961561,7.95
US.PSKY260828C10000,CALL,10.0,0.05,0.16,0.143722397,7.95
US.PSKY260828C10500,CALL,10.5,0.03,0.25,0.154804576,7.95
US.PSKY260828C11000,CALL,11.0,0.0,0.16,0.130506026,7.95
US.PSKY260828C5000,CALL,5.0,2.57,5.0,0.837837153,7.95
US.PSKY260828C5500,CALL,5.5,2.05,4.5,0.812040597,7.95
US.PSKY260828C6000,CALL,6.0,1.59,4.05,0.779954969,7.95
US.PSKY260828C6500,CALL,6.5,1.14,3.35,0.74628475,7.95
US.PSKY260828C7000,CALL,7.0,0.67,1.51,0.827724932,7.95
US.PSKY260828C7500,CALL,7.5,0.66,1.07,0.659993697,7.95
US.PSKY260828C8000,CALL,8.0,0.46,0.8,0.534189235,7.95
US.PSKY260828C8500,CALL,8.5,0.11,0.65,0.400767094,7.95
US.PSKY260828C9000,CALL,9.0,0.0,1.83,0.301494461,7.95
US.PSKY260828C9500,CALL,9.5,0.02,0.8,0.320151733,7.95
US.PSKY260828P10000,PUT,10.0,1.46,3.65,-0.668139232,7.95
US.PSKY260828P10500,PUT,10.5,1.81,3.95,-0.74203099,7.95
US.PSKY260828P11000,PUT,11.0,2.42,4.4,-0.745216327,7.95
US.PSKY260828P5000,PUT,5.0,0.0,2.13,-0.009527213,7.95
US.PSKY260828P5500,PUT,5.5,0.0,2.15,-0.029134646,7.95
US.PSKY260828P6000,PUT,6.0,0.01,0.19,-0.098524802,7.95
US.PSKY260828P6500,PUT,6.5,0.04,0.4,-0.177011515,7.95
US.PSKY260828P7000,PUT,7.0,0.0,0.47,-0.21888837,7.95
US.PSKY260828P7500,PUT,7.5,0.27,0.48,-0.338042946,7.95
US.PSKY260828P8000,PUT,8.0,0.38,0.73,-0.474382119,7.95
US.PSKY260828P8500,PUT,8.5,0.85,1.09,-0.582840176,7.95
US.PSKY260828P9000,PUT,9.0,1.01,1.69,-0.67673333,7.95
US.PSKY260828P9500,PUT,9.5,0.44,3.45,-0.677302924,7.95
US.PSKY260904C10000,CALL,10.0,0.0,0.33,0.180927515,7.95
US.PSKY260904C10500,CALL,10.5,0.07,0.17,0.141360804,7.95
US.PSKY260904C11000,CALL,11.0,0.03,1.75,0.382452118,7.95
US.PSKY260904C5000,CALL,5.0,2.58,5.0,0.837976557,7.95
US.PSKY260904C5500,CALL,5.5,1.8,4.55,0.816937871,7.95
US.PSKY260904C6000,CALL,6.0,1.62,4.1,0.779122726,7.95
US.PSKY260904C6500,CALL,6.5,0.01,3.4,0.820236968,7.95
US.PSKY260904C7000,CALL,7.0,0.9,1.43,0.790839919,7.95
US.PSKY260904C7500,CALL,7.5,0.79,1.1,0.652292265,7.95
US.PSKY260904C8000,CALL,8.0,0.5,0.85,0.538588476,7.95
US.PSKY260904C8500,CALL,8.5,0.19,0.59,0.404607444,7.95
US.PSKY260904C9000,CALL,9.0,0.18,0.5,0.33114087,7.95
US.PSKY260904C9500,CALL,9.5,0.15,0.41,0.270745152,7.95
US.PSKY260904P10000,PUT,10.0,1.89,2.44,-0.830501289,7.95
US.PSKY260904P10500,PUT,10.5,2.0,3.95,-0.707831394,7.95
US.PSKY260904P11000,PUT,11.0,2.15,4.45,-0.785453587,7.95
US.PSKY260904P5000,PUT,5.0,0.0,2.14,-0.020581635,7.95
US.PSKY260904P5500,PUT,5.5,0.0,2.16,-0.042302956,7.95
US.PSKY260904P6000,PUT,6.0,0.0,2.21,-0.079405482,7.95
US.PSKY260904P6500,PUT,6.5,0.0,0.57,-0.137579473,7.95
US.PSKY260904P7000,PUT,7.0,0.01,0.53,-0.238313912,7.95
US.PSKY260904P7500,PUT,7.5,0.29,0.49,-0.339337508,7.95
US.PSKY260904P8000,PUT,8.0,0.42,1.07,-0.458979165,7.95
US.PSKY260904P8500,PUT,8.5,0.71,1.12,-0.595864304,7.95
US.PSKY260904P9000,PUT,9.0,1.04,1.74,-0.659584508,7.95
US.PSKY260904P9500,PUT,9.5,1.36,2.22,-0.735649439,7.95
US.PSKY260918C10000,CALL,10.0,0.17,0.22,0.204836753,7.95
US.PSKY260918C11000,CALL,11.0,0.08,0.12,0.116790247,7.95
US.PSKY260918C5000,CALL,5.0,2.56,3.55,0.940644035,7.95
US.PSKY260918C6000,CALL,6.0,1.87,2.57,0.849838795,7.95
US.PSKY260918C7000,CALL,7.0,1.16,1.5,0.745268654,7.95
US.PSKY260918C8000,CALL,8.0,0.6,0.85,0.544209786,7.95
US.PSKY260918C9000,CALL,9.0,0.33,0.42,0.344868096,7.95
US.PSKY260918P10000,PUT,10.0,2.16,2.42,-0.755047447,7.95
US.PSKY260918P11000,PUT,11.0,2.86,3.3,-0.924125379,7.95
US.PSKY260918P5000,PUT,5.0,0.0,0.06,-0.031934758,7.95
US.PSKY260918P6000,PUT,6.0,0.05,0.11,-0.08647011,7.95
US.PSKY260918P7000,PUT,7.0,0.27,0.36,-0.248993625,7.95
US.PSKY260918P8000,PUT,8.0,0.51,0.8,-0.462795539,7.95
US.PSKY260918P9000,PUT,9.0,1.2,1.58,-0.655703824,7.95
US.PSKY261016C10000,CALL,10.0,0.07,0.34,0.211537809,7.95
US.PSKY261016C11000,CALL,11.0,0.15,0.22,0.170799979,7.95
US.PSKY261016C5000,CALL,5.0,0.98,3.55,0.0,7.95
US.PSKY261016C6000,CALL,6.0,0.79,2.64,0.0,7.95
US.PSKY261016C7000,CALL,7.0,1.3,1.61,0.729675407,7.95
US.PSKY261016C8000,CALL,8.0,0.75,1.11,0.560769517,7.95
US.PSKY261016C9000,CALL,9.0,0.31,0.57,0.367853106,7.95
US.PSKY261016P10000,PUT,10.0,2.31,2.43,-0.715108363,7.95
US.PSKY261016P11000,PUT,11.0,2.63,3.6,-0.880635159,7.95
US.PSKY261016P5000,PUT,5.0,0.0,0.55,-0.050106607,7.95
US.PSKY261016P6000,PUT,6.0,0.0,0.22,-0.128164485,7.95
US.PSKY261016P7000,PUT,7.0,0.36,0.51,-0.269381588,7.95
US.PSKY261016P8000,PUT,8.0,0.81,1.19,-0.436277356,7.95
US.PSKY261016P9000,PUT,9.0,1.49,1.64,-0.59947813,7.95
US.TAP260821C27500,CALL,27.5,14.4,16.3,0.991707469,42.76
US.TAP260821C30000,CALL,30.0,11.9,13.4,0.0,42.76
US.TAP260821C32500,CALL,32.5,9.5,10.9,0.0,42.76
US.TAP260821C35000,CALL,35.0,7.1,8.2,0.0,42.76
US.TAP260821C37500,CALL,37.5,5.0,5.8,0.962683688,42.76
US.TAP260821C40000,CALL,40.0,3.0,3.8,0.779256595,42.76
US.TAP260821C42500,CALL,42.5,1.6,1.95,0.554728161,42.76
US.TAP260821C45000,CALL,45.0,0.65,0.95,0.320062129,42.76
US.TAP260821C47500,CALL,47.5,0.2,0.35,0.142238509,42.76
US.TAP260821C50000,CALL,50.0,0.0,0.15,0.059041118,42.76
US.TAP260821C55000,CALL,55.0,0.0,0.1,0.034979268,42.76
US.TAP260821P27500,PUT,27.5,0.0,0.25,-0.008101992,42.76
US.TAP260821P30000,PUT,30.0,0.0,0.4,-0.015470128,42.76
US.TAP260821P32500,PUT,32.5,0.0,0.15,-0.029847202,42.76
US.TAP260821P35000,PUT,35.0,0.05,0.2,-0.051286377,42.76
US.TAP260821P37500,PUT,37.5,0.25,0.3,-0.110561591,42.76
US.TAP260821P40000,PUT,40.0,0.5,0.75,-0.23343073,42.76
US.TAP260821P42500,PUT,42.5,1.3,1.8,-0.447726458,42.76
US.TAP260821P45000,PUT,45.0,2.75,3.5,-0.65950414,42.76
US.TAP260821P47500,PUT,47.5,4.7,5.6,-0.806523519,42.76
US.TAP260821P50000,PUT,50.0,6.9,8.1,-0.872251087,42.76
US.TAP260821P55000,PUT,55.0,11.7,13.2,-0.911852293,42.76
US.TAP260918C27500,CALL,27.5,14.4,16.3,0.0,42.76
US.TAP260918C30000,CALL,30.0,11.9,13.9,0.0,42.76
US.TAP260918C32500,CALL,32.5,9.5,11.0,0.0,42.76
US.TAP260918C35000,CALL,35.0,7.3,8.3,0.0,42.76
US.TAP260918C37500,CALL,37.5,5.1,6.2,0.91208838,42.76
US.TAP260918C40000,CALL,40.0,3.2,4.2,0.757630135,42.76
US.TAP260918C42500,CALL,42.5,1.75,2.55,0.562850154,42.76
US.TAP260918C45000,CALL,45.0,0.9,1.35,0.36336015,42.76
US.TAP260918C47500,CALL,47.5,0.45,0.75,0.218016534,42.76
US.TAP260918C50000,CALL,50.0,0.15,0.35,0.108846152,42.76
US.TAP260918C55000,CALL,55.0,0.0,0.45,0.021311998,42.76
US.TAP260918P27500,PUT,27.5,0.0,0.5,-0.003208355,42.76
US.TAP260918P30000,PUT,30.0,0.0,0.5,-0.011786538,42.76
US.TAP260918P32500,PUT,32.5,0.05,0.35,-0.055095457,42.76
US.TAP260918P35000,PUT,35.0,0.2,0.6,-0.103812299,42.76
US.TAP260918P37500,PUT,37.5,0.2,0.95,-0.16056949,42.76
US.TAP260918P40000,PUT,40.0,0.9,1.6,-0.289589868,42.76
US.TAP260918P42500,PUT,42.5,1.85,2.65,-0.442315016,42.76
US.TAP260918P45000,PUT,45.0,3.3,4.4,-0.589474772,42.76
US.TAP260918P47500,PUT,47.5,5.1,6.4,-0.705938197,42.76
US.TAP260918P50000,PUT,50.0,7.3,8.7,-0.773775145,42.76
US.TAP260918P55000,PUT,55.0,11.5,13.8,-0.862740697,42.76
US.TAP261016C27500,CALL,27.5,14.4,16.0,0.0,42.76
US.TAP261016C30000,CALL,30.0,11.9,13.5,0.0,42.76
US.TAP261016C32500,CALL,32.5,9.6,11.1,0.0,42.76
US.TAP261016C35000,CALL,35.0,7.8,8.5,0.956431174,42.76
US.TAP261016C37500,CALL,37.5,5.3,6.5,0.880818777,42.76
US.TAP261016C40000,CALL,40.0,3.5,4.5,0.742041802,42.76
US.TAP261016C42500,CALL,42.5,2.1,3.1,0.569115362,42.76
US.TAP261016C45000,CALL,45.0,1.1,2.0,0.402612038,42.76
US.TAP261016C47500,CALL,47.5,0.8,1.2,0.278162193,42.76
US.TAP261016C50000,CALL,50.0,0.45,0.75,0.182682598,42.76
US.TAP261016C52500,CALL,52.5,0.25,0.55,0.12555613,42.76
US.TAP261016C55000,CALL,55.0,0.05,0.55,0.093152228,42.76
US.TAP261016C57500,CALL,57.5,0.0,0.55,0.069660449,42.76
US.TAP261016C60000,CALL,60.0,0.0,0.5,0.053748184,43.29
US.TAP261016P27500,PUT,27.5,0.0,0.2,-0.013621648,42.76
US.TAP261016P30000,PUT,30.0,0.05,0.6,-0.061705409,42.76
US.TAP261016P32500,PUT,32.5,0.05,0.65,-0.0774278,42.76
US.TAP261016P35000,PUT,35.0,0.25,0.75,-0.116300258,42.76
US.TAP261016P37500,PUT,37.5,0.75,1.05,-0.194147267,42.76
US.TAP261016P40000,PUT,40.0,1.15,2.0,-0.303928817,42.76
US.TAP261016P42500,PUT,42.5,1.95,3.1,-0.436613501,42.76
US.TAP261016P45000,PUT,45.0,3.6,4.7,-0.566360274,42.76
US.TAP261016P47500,PUT,47.5,5.3,6.6,-0.678087948,42.76
US.TAP261016P50000,PUT,50.0,7.4,8.8,-0.752863865,42.76
US.TAP261016P52500,PUT,52.5,9.6,11.2,-0.802099968,42.76
US.TAP261016P55000,PUT,55.0,12.0,13.7,-0.825405723,42.76
US.TAP261016P57500,PUT,57.5,14.4,16.2,-0.844104125,42.76
US.TAP261016P60000,PUT,60.0,16.4,18.1,-0.85291244,43.29
US.VICI1260918C17500,CALL,17.5,9.2,10.7,0.0,27.13
US.VICI1260918C20000,CALL,20.0,6.7,8.2,0.0,27.13
US.VICI1260918C22500,CALL,22.5,4.4,5.6,0.0,27.13
US.VICI1260918C25000,CALL,25.0,2.0,3.2,0.0,27.13
US.VICI1260918C30000,CALL,30.0,0.0,0.75,0.0,27.13
US.VICI1260918C35000,CALL,35.0,0.0,0.75,0.0,27.13
US.VICI1260918P17500,PUT,17.5,0.0,0.75,0.0,27.13
US.VICI1260918P20000,PUT,20.0,0.0,0.75,0.0,27.13
US.VICI1260918P22500,PUT,22.5,0.0,0.75,0.0,27.13
US.VICI1260918P25000,PUT,25.0,0.0,0.75,0.0,27.13
US.VICI1260918P30000,PUT,30.0,2.4,3.6,0.0,27.13
US.VICI1260918P35000,PUT,35.0,7.2,8.7,0.0,27.13
US.VICI260821C17500,CALL,17.5,9.0,10.2,0.0,27.13
US.VICI260821C20000,CALL,20.0,6.5,7.7,0.0,27.13
US.VICI260821C22500,CALL,22.5,4.1,5.3,0.982590433,27.13
US.VICI260821C25000,CALL,25.0,2.05,2.4,0.944430806,27.13
US.VICI260821C27500,CALL,27.5,0.3,0.45,0.415642655,27.13
US.VICI260821C30000,CALL,30.0,0.0,0.05,0.035399654,27.13
US.VICI260821C32500,CALL,32.5,0.0,0.1,0.000285541,27.13
US.VICI260821C35000,CALL,35.0,0.0,0.05,0.000211611,27.13
US.VICI260821C37500,CALL,37.5,0.0,0.25,0.000171896,27.13
US.VICI260821P17500,PUT,17.5,0.0,0.05,-0.000113716,27.13
US.VICI260821P20000,PUT,20.0,0.0,0.15,-0.000895219,27.13
US.VICI260821P22500,PUT,22.5,0.0,0.05,-0.033721712,27.13
US.VICI260821P25000,PUT,25.0,0.05,0.1,-0.090217029,27.13
US.VICI260821P27500,PUT,27.5,0.6,0.8,-0.586824755,27.13
US.VICI260821P30000,PUT,30.0,2.35,3.6,-0.869740485,27.13
US.VICI260821P32500,PUT,32.5,4.8,6.1,-0.918293748,27.13
US.VICI260821P35000,PUT,35.0,7.3,8.6,-0.933236208,27.13
US.VICI260821P37500,PUT,37.5,9.8,11.1,-0.941958234,27.13
US.VICI260918C17500,CALL,17.5,9.1,10.3,0.0,27.13
US.VICI260918C20000,CALL,20.0,6.6,7.8,0.0,27.13
US.VICI260918C22500,CALL,22.5,4.2,5.3,0.999699929,27.13
US.VICI260918C25000,CALL,25.0,2.05,2.6,0.921744739,27.13
US.VICI260918C27500,CALL,27.5,0.6,0.7,0.466918368,27.13
US.VICI260918C30000,CALL,30.0,0.05,0.15,0.106654438,27.13
US.VICI260918C32500,CALL,32.5,0.0,0.1,0.074079009,27.13
US.VICI260918C35000,CALL,35.0,0.0,0.05,0.000872039,27.13
US.VICI260918C37500,CALL,37.5,0.0,0.25,0.000173258,27.13
US.VICI260918P17500,PUT,17.5,0.0,0.1,-0.000100174,27.13
US.VICI260918P20000,PUT,20.0,0.0,0.3,-0.002919683,27.13
US.VICI260918P22500,PUT,22.5,0.0,0.2,-0.031253667,27.13
US.VICI260918P25000,PUT,25.0,0.2,0.3,-0.171223118,27.13
US.VICI260918P27500,PUT,27.5,1.05,1.3,-0.520274052,27.13
US.VICI260918P30000,PUT,30.0,3.0,3.4,-0.766945729,27.13
US.VICI260918P32500,PUT,32.5,4.8,6.5,-0.833036214,27.13
US.VICI260918P35000,PUT,35.0,7.3,9.0,-0.858576881,27.13
US.VICI260918P37500,PUT,37.5,9.7,11.6,-0.874193062,27.13
